Workbook

Sheet Punisher1
A1: 0 | B1: 0 | C1: 0 | D1: 0 | E1: 0 | F1: 0 | G1: 0 | H1: 0 | I1: 0 | J1: 0 | K1: 0 | L1: 0 | M1: 0 | N1: 0 | O1: 0 | P1: 0 | Q1: 0 | R1: 0 | S1: 0 | T1: 0 | U1: 0 | V1: 0 | W1: 0 | X1: 0 | Y1: 0 | Z1: 0 | AA1: 0 | AB1: 0 | AC1: 0 | AD1: 0
A2: 0 | B2: 0 | C2: 0 | D2: 0 | E2: 0 | F2: 0 | G2: 0 | H2: 0 | I2: 0 | J2: 1 | K2: 1 | L2: 1 | M2: 1 | N2: 1 | O2: 1 | P2: 1 | Q2: 0 | R2: 0 | S2: 0 | T2: 0 | U2: 0 | V2: 0 | W2: 0 | X2: 0 | Y2: 0 | Z2: 0 | AA2: 0 | AB2: 0 | AC2: 0 | AD2: 0
A3: 0 | B3: 0 | C3: 0 | D3: 0 | E3: 0 | F3: 0 | G3: 0 | H3: 1 | I3: 1 | J3: 0 | K3: 0 | L3: 0 | M3: 0 | N3: 0 | O3: 0 | P3: 0 | Q3: 1 | R3: 1 | S3: 1 | T3: 0 | U3: 0 | V3: 0 | W3: 0 | X3: 0 | Y3: 0 | Z3: 0 | AA3: 0 | AB3: 0 | AC3: 0 | AD3: 0
A4: 0 | B4: 0 | C4: 0 | D4: 0 | E4: 0 | F4: 1 | G4: 1 | H4: 0 | I4: 0 | J4: 0 | K4: 0 | L4: 0 | M4: 0 | N4: 0 | O4: 0 | P4: 0 | Q4: 0 | R4: 0 | S4: 0 | T4: 1 | U4: 0 | V4: 0 | W4: 0 | X4: 0 | Y4: 0 | Z4: 0 | AA4: 0 | AB4: 0 | AC4: 0 | AD4: 0
A5: 0 | B5: 0 | C5: 0 | D5: 0 | E5: 1 | F5: 0 | G5: 0 | H5: 0 | I5: 0 | J5: 0 | K5: 0 | L5: 0 | M5: 0 | N5: 0 | O5: 0 | P5: 0 | Q5: 0 | R5: 0 | S5: 0 | T5: 0 | U5: 1 | V5: 0 | W5: 0 | X5: 0 | Y5: 0 | Z5: 0 | AA5: 0 | AB5: 0 | AC5: 0 | AD5: 0
A6: 0 | B6: 0 | C6: 0 | D6: 1 | E6: 0 | F6: 0 | G6: 0 | H6: 0 | I6: 0 | J6: 0 | K6: 0 | L6: 0 | M6: 0 | N6: 0 | O6: 0 | P6: 0 | Q6: 0 | R6: 0 | S6: 0 | T6: 0 | U6: 0 | V6: 1 | W6: 0 | X6: 0 | Y6: 0 | Z6: 0 | AA6: 0 | AB6: 0 | AC6: 0 | AD6: 0
A7: 0 | B7: 0 | C7: 1 | D7: 0 | E7: 0 | F7: 0 | G7: 0 | H7: 0 | I7: 0 | J7: 0 | K7: 0 | L7: 0 | M7: 0 | N7: 0 | O7: 0 | P7: 0 | Q7: 0 | R7: 0 | S7: 0 | T7: 0 | U7: 0 | V7: 0 | W7: 1 | X7: 0 | Y7: 0 | Z7: 0 | AA7: 0 | AB7: 0 | AC7: 0 | AD7: 0
A8: 0 | B8: 1 | C8: 0 | D8: 0 | E8: 0 | F8: 0 | G8: 0 | H8: 0 | I8: 0 | J8: 0 | K8: 0 | L8: 0 | M8: 0 | N8: 0 | O8: 0 | P8: 0 | Q8: 0 | R8: 0 | S8: 0 | T8: 0 | U8: 0 | V8: 0 | W8: 0 | X8: 1 | Y8: 0 | Z8: 0 | AA8: 0 | AB8: 0 | AC8: 0 | AD8: 0
A9: 0 | B9: 1 | C9: 0 | D9: 0 | E9: 0 | F9: 0 | G9: 0 | H9: 0 | I9: 0 | J9: 0 | K9: 0 | L9: 0 | M9: 0 | N9: 0 | O9: 0 | P9: 0 | Q9: 0 | R9: 0 | S9: 0 | T9: 0 | U9: 0 | V9: 0 | W9: 0 | X9: 1 | Y9: 0 | Z9: 0 | AA9: 0 | AB9: 0 | AC9: 0 | AD9: 0
A10: 0 | B10: 1 | C10: 0 | D10: 0 | E10: 0 | F10: 0 | G10: 0 | H10: 0 | I10: 0 | J10: 0 | K10: 0 | L10: 0 | M10: 0 | N10: 0 | O10: 0 | P10: 0 | Q10: 0 | R10: 0 | S10: 0 | T10: 0 | U10: 0 | V10: 0 | W10: 0 | X10: 1 | Y10: 0 | Z10: 0 | AA10: 0 | AB10: 0 | AC10: 0 | AD10: 0
A11: 0 | B11: 1 | C11: 0 | D11: 0 | E11: 0 | F11: 0 | G11: 0 | H11: 0 | I11: 0 | J11: 0 | K11: 0 | L11: 0 | M11: 0 | N11: 0 | O11: 0 | P11: 0 | Q11: 0 | R11: 0 | S11: 0 | T11: 0 | U11: 0 | V11: 0 | W11: 0 | X11: 1 | Y11: 0 | Z11: 0 | AA11: 0 | AB11: 0 | AC11: 0 | AD11: 0
A12: 0 | B12: 1 | C12: 0 | D12: 0 | E12: 0 | F12: 0 | G12: 0 | H12: 0 | I12: 0 | J12: 0 | K12: 0 | L12: 0 | M12: 0 | N12: 0 | O12: 0 | P12: 0 | Q12: 0 | R12: 0 | S12: 0 | T12: 0 | U12: 0 | V12: 0 | W12: 0 | X12: 1 | Y12: 0 | Z12: 0 | AA12: 0 | AB12: 0 | AC12: 0 | AD12: 0
... A27: 0 | B27: 0 | C27: 0 | D27: 0 | E27: 0 | F27: 0 | G27: 0 | H27: 1 | I27: 1 | J27: 0 | K27: 1 | L27: 0 | M27: 1 | N27: 0 | O27: 1 | P27: 0 | Q27: 1 | R27: 1 | S27: 0 | T27: 0 | U27: 0 | V27: 0 | W27: 0 | X27: 0 | Y27: 0 | Z27: 0 | AA27: 0 | AB27: 0 | AC27: 0 | AD27: 0
A28: 0 | B28: 0 | C28: 0 | D28: 0 | E28: 0 | F28: 0 | G28: 0 | H28: 1 | I28: 1 | J28: 0 | K28: 1 | L28: 0 | M28: 1 | N28: 0 | O28: 1 | P28: 0 | Q28: 1 | R28: 1 | S28: 0 | T28: 0 | U28: 0 | V28: 0 | W28: 0 | X28: 0 | Y28: 0 | Z28: 0 | AA28: 0 | AB28: 0 | AC28: 0 | AD28: 0 | AF28: 0 | AG28: blanco
A29: 0 | B29: 0 | C29: 0 | D29: 0 | E29: 0 | F29: 0 | G29: 0 | H29: 1 | I29: 1 | J29: 0 | K29: 1 | L29: 0 | M29: 1 | N29: 0 | O29: 1 | P29: 0 | Q29: 1 | R29: 1 | S29: 0 | T29: 0 | U29: 0 | V29: 0 | W29: 0 | X29: 0 | Y29: 0 | Z29: 0 | AA29: 0 | AB29: 0 | AC29: 0 | AD29: 0 | AF29: 1 | AG29: negro
A30: 0 | B30: 0 | C30: 0 | D30: 0 | E30: 0 | F30: 0 | G30: 0 | H30: 1 | I30: 1 | J30: 0 | K30: 1 | L30: 0 | M30: 1 | N30: 0 | O30: 1 | P30: 0 | Q30: 1 | R30: 1 | S30: 0 | T30: 0 | U30: 0 | V30: 0 | W30: 0 | X30: 0 | Y30: 0 | Z30: 0 | AA30: 0 | AB30: 0 | AC30: 0 | AD30: 0 | AF30: 2 | AG30: rojo
AF31: 3 | AG31: verde
AF32: 4 | AG32: gris

Sheet Punisher1_T
A1: =Punisher1!A1 -> 0 | B1: =Punisher1!A2 -> 0 | C1: =Punisher1!A3 -> 0 | D1: =Punisher1!A4 -> 0 | E1: =Punisher1!A5 -> 0 | F1: =Punisher1!A6 -> 0 | G1: =Punisher1!A7 -> 0 | H1: =Punisher1!A8 -> 0 | I1: =Punisher1!A9 -> 0 | J1: =Punisher1!A10 -> 0 | K1: =Punisher1!A11 -> 0 | L1: =Punisher1!A12 -> 0 | M1: =Punisher1!A13 -> 0 | N1: =Punisher1!A14 -> 0 | O1: =Punisher1!A15 -> 0 | P1: =Punisher1!A16 -> 0 | Q1: =Punisher1!A17 -> 0 | R1: =Punisher1!A18 -> 0 | S1: =Punisher1!A19 -> 0 | T1: =Punisher1!A20 -> 0 | U1: =Punisher1!A21 -> 0 | V1: =Punisher1!A22 -> 0 | W1: =Punisher1!A23 -> 0 | X1: =Punisher1!A24 -> 0 | Y1: =Punisher1!A25 -> 0 | Z1: =Punisher1!A26 -> 0 | AA1: =Punisher1!A27 -> 0 | AB1: =Punisher1!A28 -> 0 | AC1: =Punisher1!A29 -> 0 | AD1: =Punisher1!A30 -> 0
A2: =Punisher1!B1 -> 0 | B2: =Punisher1!B2 -> 0 | C2: =Punisher1!B3 -> 0 | D2: =Punisher1!B4 -> 0 | E2: =Punisher1!B5 -> 0 | F2: =Punisher1!B6 -> 0 | G2: =Punisher1!B7 -> 0 | H2: =Punisher1!B8 -> 1 | I2: =Punisher1!B9 -> 1 | J2: =Punisher1!B10 -> 1 | K2: =Punisher1!B11 -> 1 | L2: =Punisher1!B12 -> 1 | M2: =Punisher1!B13 -> 1 | N2: =Punisher1!B14 -> 1 | O2: =Punisher1!B15 -> 1 | P2: =Punisher1!B16 -> 1 | Q2: =Punisher1!B17 -> 1 | R2: =Punisher1!B18 -> 0 | S2: =Punisher1!B19 -> 0 | T2: =Punisher1!B20 -> 0 | U2: =Punisher1!B21 -> 0 | V2: =Punisher1!B22 -> 0 | W2: =Punisher1!B23 -> 0 | X2: =Punisher1!B24 -> 0 | Y2: =Punisher1!B25 -> 0 | Z2: =Punisher1!B26 -> 0 | AA2: =Punisher1!B27 -> 0 | AB2: =Punisher1!B28 -> 0 | AC2: =Punisher1!B29 -> 0 | AD2: =Punisher1!B30 -> 0
A3: =Punisher1!C1 -> 0 | B3: =Punisher1!C2 -> 0 | C3: =Punisher1!C3 -> 0 | D3: =Punisher1!C4 -> 0 | E3: =Punisher1!C5 -> 0 | F3: =Punisher1!C6 -> 0 | G3: =Punisher1!C7 -> 1 | H3: =Punisher1!C8 -> 0 | I3: =Punisher1!C9 -> 0 | J3: =Punisher1!C10 -> 0 | K3: =Punisher1!C11 -> 0 | L3: =Punisher1!C12 -> 0 | M3: =Punisher1!C13 -> 0 | N3: =Punisher1!C14 -> 0 | O3: =Punisher1!C15 -> 0 | P3: =Punisher1!C16 -> 0 | Q3: =Punisher1!C17 -> 0 | R3: =Punisher1!C18 -> 0 | S3: =Punisher1!C19 -> 0 | T3: =Punisher1!C20 -> 1 | U3: =Punisher1!C21 -> 1 | V3: =Punisher1!C22 -> 0 | W3: =Punisher1!C23 -> 0 | X3: =Punisher1!C24 -> 0 | Y3: =Punisher1!C25 -> 0 | Z3: =Punisher1!C26 -> 0 | AA3: =Punisher1!C27 -> 0 | AB3: =Punisher1!C28 -> 0 | AC3: =Punisher1!C29 -> 0 | AD3: =Punisher1!C30 -> 0
A4: =Punisher1!D1 -> 0 | B4: =Punisher1!D2 -> 0 | C4: =Punisher1!D3 -> 0 | D4: =Punisher1!D4 -> 0 | E4: =Punisher1!D5 -> 0 | F4: =Punisher1!D6 -> 1 | G4: =Punisher1!D7 -> 0 | H4: =Punisher1!D8 -> 0 | I4: =Punisher1!D9 -> 0 | J4: =Punisher1!D10 -> 0 | K4: =Punisher1!D11 -> 0 | L4: =Punisher1!D12 -> 0 | M4: =Punisher1!D13 -> 0 | N4: =Punisher1!D14 -> 0 | O4: =Punisher1!D15 -> 0 | P4: =Punisher1!D16 -> 0 | Q4: =Punisher1!D17 -> 0 | R4: =Punisher1!D18 -> 1 | S4: =Punisher1!D19 -> 1 | T4: =Punisher1!D20 -> 0 | U4: =Punisher1!D21 -> 0 | V4: =Punisher1!D22 -> 0 | W4: =Punisher1!D23 -> 0 | X4: =Punisher1!D24 -> 0 | Y4: =Punisher1!D25 -> 0 | Z4: =Punisher1!D26 -> 0 | AA4: =Punisher1!D27 -> 0 | AB4: =Punisher1!D28 -> 0 | AC4: =Punisher1!D29 -> 0 | AD4: =Punisher1!D30 -> 0
A5: =Punisher1!E1 -> 0 | B5: =Punisher1!E2 -> 0 | C5: =Punisher1!E3 -> 0 | D5: =Punisher1!E4 -> 0 | E5: =Punisher1!E5 -> 1 | F5: =Punisher1!E6 -> 0 | G5: =Punisher1!E7 -> 0 | H5: =Punisher1!E8 -> 0 | I5: =Punisher1!E9 -> 0 | J5: =Punisher1!E10 -> 0 | K5: =Punisher1!E11 -> 0 | L5: =Punisher1!E12 -> 0 | M5: =Punisher1!E13 -> 2 | N5: =Punisher1!E14 -> 2 | O5: =Punisher1!E15 -> 2 | P5: =Punisher1!E16 -> 2 | Q5: =Punisher1!E17 -> 2 | R5: =Punisher1!E18 -> 0 | S5: =Punisher1!E19 -> 0 | T5: =Punisher1!E20 -> 0 | U5: =Punisher1!E21 -> 0 | V5: =Punisher1!E22 -> 0 | W5: =Punisher1!E23 -> 0 | X5: =Punisher1!E24 -> 0 | Y5: =Punisher1!E25 -> 0 | Z5: =Punisher1!E26 -> 0 | AA5: =Punisher1!E27 -> 0 | AB5: =Punisher1!E28 -> 0 | AC5: =Punisher1!E29 -> 0 | AD5: =Punisher1!E30 -> 0
A6: =Punisher1!F1 -> 0 | B6: =Punisher1!F2 -> 0 | C6: =Punisher1!F3 -> 0 | D6: =Punisher1!F4 -> 1 | E6: =Punisher1!F5 -> 0 | F6: =Punisher1!F6 -> 0 | G6: =Punisher1!F7 -> 0 | H6: =Punisher1!F8 -> 0 | I6: =Punisher1!F9 -> 0 | J6: =Punisher1!F10 -> 0 | K6: =Punisher1!F11 -> 0 | L6: =Punisher1!F12 -> 0 | M6: =Punisher1!F13 -> 2 | N6: =Punisher1!F14 -> 2 | O6: =Punisher1!F15 -> 2 | P6: =Punisher1!F16 -> 2 | Q6: =Punisher1!F17 -> 2 | R6: =Punisher1!F18 -> 0 | S6: =Punisher1!F19 -> 0 | T6: =Punisher1!F20 -> 1 | U6: =Punisher1!F21 -> 1 | V6: =Punisher1!F22 -> 0 | W6: =Punisher1!F23 -> 0 | X6: =Punisher1!F24 -> 0 | Y6: =Punisher1!F25 -> 0 | Z6: =Punisher1!F26 -> 0 | AA6: =Punisher1!F27 -> 0 | AB6: =Punisher1!F28 -> 0 | AC6: =Punisher1!F29 -> 0 | AD6: =Punisher1!F30 -> 0
A7: =Punisher1!G1 -> 0 | B7: =Punisher1!G2 -> 0 | C7: =Punisher1!G3 -> 0 | D7: =Punisher1!G4 -> 1 | E7: =Punisher1!G5 -> 0 | F7: =Punisher1!G6 -> 0 | G7: =Punisher1!G7 -> 0 | H7: =Punisher1!G8 -> 0 | I7: =Punisher1!G9 -> 0 | J7: =Punisher1!G10 -> 0 | K7: =Punisher1!G11 -> 0 | L7: =Punisher1!G12 -> 0 | M7: =Punisher1!G13 -> 2 | N7: =Punisher1!G14 -> 2 | O7: =Punisher1!G15 -> 2 | P7: =Punisher1!G16 -> 2 | Q7: =Punisher1!G17 -> 2 | R7: =Punisher1!G18 -> 0 | S7: =Punisher1!G19 -> 0 | T7: =Punisher1!G20 -> 1 | U7: =Punisher1!G21 -> 1 | V7: =Punisher1!G22 -> 0 | W7: =Punisher1!G23 -> 0 | X7: =Punisher1!G24 -> 0 | Y7: =Punisher1!G25 -> 0 | Z7: =Punisher1!G26 -> 0 | AA7: =Punisher1!G27 -> 0 | AB7: =Punisher1!G28 -> 0 | AC7: =Punisher1!G29 -> 0 | AD7: =Punisher1!G30 -> 0
A8: =Punisher1!H1 -> 0 | B8: =Punisher1!H2 -> 0 | C8: =Punisher1!H3 -> 1 | D8: =Punisher1!H4 -> 0 | E8: =Punisher1!H5 -> 0 | F8: =Punisher1!H6 -> 0 | G8: =Punisher1!H7 -> 0 | H8: =Punisher1!H8 -> 0 | I8: =Punisher1!H9 -> 0 | J8: =Punisher1!H10 -> 0 | K8: =Punisher1!H11 -> 0 | L8: =Punisher1!H12 -> 0 | M8: =Punisher1!H13 -> 2 | N8: =Punisher1!H14 -> 2 | O8: =Punisher1!H15 -> 2 | P8: =Punisher1!H16 -> 2 | Q8: =Punisher1!H17 -> 2 | R8: =Punisher1!H18 -> 0 | S8: =Punisher1!H19 -> 0 | T8: =Punisher1!H20 -> 1 | U8: =Punisher1!H21 -> 1 | V8: =Punisher1!H22 -> 1 | W8: =Punisher1!H23 -> 1 | X8: =Punisher1!H24 -> 1 | Y8: =Punisher1!H25 -> 1 | Z8: =Punisher1!H26 -> 1 | AA8: =Punisher1!H27 -> 1 | AB8: =Punisher1!H28 -> 1 | AC8: =Punisher1!H29 -> 1 | AD8: =Punisher1!H30 -> 1
A9: =Punisher1!I1 -> 0 | B9: =Punisher1!I2 -> 0 | C9: =Punisher1!I3 -> 1 | D9: =Punisher1!I4 -> 0 | E9: =Punisher1!I5 -> 0 | F9: =Punisher1!I6 -> 0 | G9: =Punisher1!I7 -> 0 | H9: =Punisher1!I8 -> 0 | I9: =Punisher1!I9 -> 0 | J9: =Punisher1!I10 -> 0 | K9: =Punisher1!I11 -> 0 | L9: =Punisher1!I12 -> 0 | M9: =Punisher1!I13 -> 0 | N9: =Punisher1!I14 -> 0 | O9: =Punisher1!I15 -> 0 | P9: =Punisher1!I16 -> 2 | Q9: =Punisher1!I17 -> 2 | R9: =Punisher1!I18 -> 0 | S9: =Punisher1!I19 -> 0 | T9: =Punisher1!I20 -> 1 | U9: =Punisher1!I21 -> 1 | V9: =Punisher1!I22 -> 1 | W9: =Punisher1!I23 -> 1 | X9: =Punisher1!I24 -> 1 | Y9: =Punisher1!I25 -> 1 | Z9: =Punisher1!I26 -> 1 | AA9: =Punisher1!I27 -> 1 | AB9: =Punisher1!I28 -> 1 | AC9: =Punisher1!I29 -> 1 | AD9: =Punisher1!I30 -> 1
A10: =Punisher1!J1 -> 0 | B10: =Punisher1!J2 -> 1 | C10: =Punisher1!J3 -> 0 | D10: =Punisher1!J4 -> 0 | E10: =Punisher1!J5 -> 0 | F10: =Punisher1!J6 -> 0 | G10: =Punisher1!J7 -> 0 | H10: =Punisher1!J8 -> 0 | I10: =Punisher1!J9 -> 0 | J10: =Punisher1!J10 -> 0 | K10: =Punisher1!J11 -> 0 | L10: =Punisher1!J12 -> 0 | M10: =Punisher1!J13 -> 0 | N10: =Punisher1!J14 -> 0 | O10: =Punisher1!J15 -> 0 | P10: =Punisher1!J16 -> 2 | Q10: =Punisher1!J17 -> 2 | R10: =Punisher1!J18 -> 0 | S10: =Punisher1!J19 -> 0 | T10: =Punisher1!J20 -> 0 | U10: =Punisher1!J21 -> 0 | V10: =Punisher1!J22 -> 0 | W10: =Punisher1!J23 -> 0 | X10: =Punisher1!J24 -> 0 | Y10: =Punisher1!J25 -> 0 | Z10: =Punisher1!J26 -> 0 | AA10: =Punisher1!J27 -> 0 | AB10: =Punisher1!J28 -> 0 | AC10: =Punisher1!J29 -> 0 | AD10: =Punisher1!J30 -> 0
A11: =Punisher1!K1 -> 0 | B11: =Punisher1!K2 -> 1 | C11: =Punisher1!K3 -> 0 | D11: =Punisher1!K4 -> 0 | E11: =Punisher1!K5 -> 0 | F11: =Punisher1!K6 -> 0 | G11: =Punisher1!K7 -> 0 | H11: =Punisher1!K8 -> 0 | I11: =Punisher1!K9 -> 0 | J11: =Punisher1!K10 -> 0 | K11: =Punisher1!K11 -> 0 | L11: =Punisher1!K12 -> 0 | M11: =Punisher1!K13 -> 0 | N11: =Punisher1!K14 -> 0 | O11: =Punisher1!K15 -> 0 | P11: =Punisher1!K16 -> 0 | Q11: =Punisher1!K17 -> 0 | R11: =Punisher1!K18 -> 0 | S11: =Punisher1!K19 -> 0 | T11: =Punisher1!K20 -> 0 | U11: =Punisher1!K21 -> 0 | V11: =Punisher1!K22 -> 1 | W11: =Punisher1!K23 -> 1 | X11: =Punisher1!K24 -> 1 | Y11: =Punisher1!K25 -> 1 | Z11: =Punisher1!K26 -> 1 | AA11: =Punisher1!K27 -> 1 | AB11: =Punisher1!K28 -> 1 | AC11: =Punisher1!K29 -> 1 | AD11: =Punisher1!K30 -> 1
A12: =Punisher1!L1 -> 0 | B12: =Punisher1!L2 -> 1 | C12: =Punisher1!L3 -> 0 | D12: =Punisher1!L4 -> 0 | E12: =Punisher1!L5 -> 0 | F12: =Punisher1!L6 -> 0 | G12: =Punisher1!L7 -> 0 | H12: =Punisher1!L8 -> 0 | I12: =Punisher1!L9 -> 0 | J12: =Punisher1!L10 -> 0 | K12: =Punisher1!L11 -> 0 | L12: =Punisher1!L12 -> 0 | M12: =Punisher1!L13 -> 0 | N12: =Punisher1!L14 -> 0 | O12: =Punisher1!L15 -> 0 | P12: =Punisher1!L16 -> 0 | Q12: =Punisher1!L17 -> 0 | R12: =Punisher1!L18 -> 0 | S12: =Punisher1!L19 -> 1 | T12: =Punisher1!L20 -> 1 | U12: =Punisher1!L21 -> 0 | V12: =Punisher1!L22 -> 0 | W12: =Punisher1!L23 -> 0 | X12: =Punisher1!L24 -> 0 | Y12: =Punisher1!L25 -> 0 | Z12: =Punisher1!L26 -> 0 | AA12: =Punisher1!L27 -> 0 | AB12: =Punisher1!L28 -> 0 | AC12: =Punisher1!L29 -> 0 | AD12: =Punisher1!L30 -> 0
A13: =Punisher1!M1 -> 0 | B13: =Punisher1!M2 -> 1 | C13: =Punisher1!M3 -> 0 | D13: =Punisher1!M4 -> 0 | E13: =Punisher1!M5 -> 0 | F13: =Punisher1!M6 -> 0 | G13: =Punisher1!M7 -> 0 | H13: =Punisher1!M8 -> 0 | I13: =Punisher1!M9 -> 0 | J13: =Punisher1!M10 -> 0 | K13: =Punisher1!M11 -> 0 | L13: =Punisher1!M12 -> 0 | M13: =Punisher1!M13 -> 0 | N13: =Punisher1!M14 -> 0 | O13: =Punisher1!M15 -> 0 | P13: =Punisher1!M16 -> 0 | Q13: =Punisher1!M17 -> 0 | R13: =Punisher1!M18 -> 1 | S13: =Punisher1!M19 -> 0 | T13: =Punisher1!M20 -> 0 | U13: =Punisher1!M21 -> 0 | V13: =Punisher1!M22 -> 1 | W13: =Punisher1!M23 -> 1 | X13: =Punisher1!M24 -> 1 | Y13: =Punisher1!M25 -> 1 | Z13: =Punisher1!M26 -> 1 | AA13: =Punisher1!M27 -> 1 | AB13: =Punisher1!M28 -> 1 | AC13: =Punisher1!M29 -> 1 | AD13: =Punisher1!M30 -> 1
A14: =Punisher1!N1 -> 0 | B14: =Punisher1!N2 -> 1 | C14: =Punisher1!N3 -> 0 | D14: =Punisher1!N4 -> 0 | E14: =Punisher1!N5 -> 0 | F14: =Punisher1!N6 -> 0 | G14: =Punisher1!N7 -> 0 | H14: =Punisher1!N8 -> 0 | I14: =Punisher1!N9 -> 0 | J14: =Punisher1!N10 -> 0 | K14: =Punisher1!N11 -> 0 | L14: =Punisher1!N12 -> 0 | M14: =Punisher1!N13 -> 0 | N14: =Punisher1!N14 -> 0 | O14: =Punisher1!N15 -> 0 | P14: =Punisher1!N16 -> 0 | Q14: =Punisher1!N17 -> 0 | R14: =Punisher1!N18 -> 0 | S14: =Punisher1!N19 -> 1 | T14: =Punisher1!N20 -> 1 | U14: =Punisher1!N21 -> 0 | V14: =Punisher1!N22 -> 0 | W14: =Punisher1!N23 -> 0 | X14: =Punisher1!N24 -> 0 | Y14: =Punisher1!N25 -> 0 | Z14: =Punisher1!N26 -> 0 | AA14: =Punisher1!N27 -> 0 | AB14: =Punisher1!N28 -> 0 | AC14: =Punisher1!N29 -> 0 | AD14: =Punisher1!N30 -> 0
A15: =Punisher1!O1 -> 0 | B15: =Punisher1!O2 -> 1 | C15: =Punisher1!O3 -> 0 | D15: =Punisher1!O4 -> 0 | E15: =Punisher1!O5 -> 0 | F15: =Punisher1!O6 -> 0 | G15: =Punisher1!O7 -> 0 | H15: =Punisher1!O8 -> 0 | I15: =Punisher1!O9 -> 0 | J15: =Punisher1!O10 -> 0 | K15: =Punisher1!O11 -> 0 | L15: =Punisher1!O12 -> 0 | M15: =Punisher1!O13 -> 0 | N15: =Punisher1!O14 -> 0 | O15: =Punisher1!O15 -> 0 | P15: =Punisher1!O16 -> 0 | Q15: =Punisher1!O17 -> 0 | R15: =Punisher1!O18 -> 0 | S15: =Punisher1!O19 -> 0 | T15: =Punisher1!O20 -> 0 | U15: =Punisher1!O21 -> 0 | V15: =Punisher1!O22 -> 1 | W15: =Punisher1!O23 -> 1 | X15: =Punisher1!O24 -> 1 | Y15: =Punisher1!O25 -> 1 | Z15: =Punisher1!O26 -> 1 | AA15: =Punisher1!O27 -> 1 | AB15: =Punisher1!O28 -> 1 | AC15: =Punisher1!O29 -> 1 | AD15: =Punisher1!O30 -> 1
A16: =Punisher1!P1 -> 0 | B16: =Punisher1!P2 -> 1 | C16: =Punisher1!P3 -> 0 | D16: =Punisher1!P4 -> 0 | E16: =Punisher1!P5 -> 0 | F16: =Punisher1!P6 -> 0 | G16: =Punisher1!P7 -> 0 | H16: =Punisher1!P8 -> 0 | I16: =Punisher1!P9 -> 0 | J16: =Punisher1!P10 -> 0 | K16: =Punisher1!P11 -> 0 | L16: =Punisher1!P12 -> 0 | M16: =Punisher1!P13 -> 0 | N16: =Punisher1!P14 -> 0 | O16: =Punisher1!P15 -> 0 | P16: =Punisher1!P16 -> 2 | Q16: =Punisher1!P17 -> 2 | R16: =Punisher1!P18 -> 0 | S16: =Punisher1!P19 -> 0 | T16: =Punisher1!P20 -> 0 | U16: =Punisher1!P21 -> 0 | V16: =Punisher1!P22 -> 0 | W16: =Punisher1!P23 -> 0 | X16: =Punisher1!P24 -> 0 | Y16: =Punisher1!P25 -> 0 | Z16: =Punisher1!P26 -> 0 | AA16: =Punisher1!P27 -> 0 | AB16: =Punisher1!P28 -> 0 | AC16: =Punisher1!P29 -> 0 | AD16: =Punisher1!P30 -> 0
A17: =Punisher1!Q1 -> 0 | B17: =Punisher1!Q2 -> 0 | C17: =Punisher1!Q3 -> 1 | D17: =Punisher1!Q4 -> 0 | E17: =Punisher1!Q5 -> 0 | F17: =Punisher1!Q6 -> 0 | G17: =Punisher1!Q7 -> 0 | H17: =Punisher1!Q8 -> 0 | I17: =Punisher1!Q9 -> 0 | J17: =Punisher1!Q10 -> 0 | K17: =Punisher1!Q11 -> 0 | L17: =Punisher1!Q12 -> 0 | M17: =Punisher1!Q13 -> 0 | N17: =Punisher1!Q14 -> 0 | O17: =Punisher1!Q15 -> 0 | P17: =Punisher1!Q16 -> 2 | Q17: =Punisher1!Q17 -> 2 | R17: =Punisher1!Q18 -> 0 | S17: =Punisher1!Q19 -> 0 | T17: =Punisher1!Q20 -> 1 | U17: =Punisher1!Q21 -> 1 | V17: =Punisher1!Q22 -> 1 | W17: =Punisher1!Q23 -> 1 | X17: =Punisher1!Q24 -> 1 | Y17: =Punisher1!Q25 -> 1 | Z17: =Punisher1!Q26 -> 1 | AA17: =Punisher1!Q27 -> 1 | AB17: =Punisher1!Q28 -> 1 | AC17: =Punisher1!Q29 -> 1 | AD17: =Punisher1!Q30 -> 1
A18: =Punisher1!R1 -> 0 | B18: =Punisher1!R2 -> 0 | C18: =Punisher1!R3 -> 1 | D18: =Punisher1!R4 -> 0 | E18: =Punisher1!R5 -> 0 | F18: =Punisher1!R6 -> 0 | G18: =Punisher1!R7 -> 0 | H18: =Punisher1!R8 -> 0 | I18: =Punisher1!R9 -> 0 | J18: =Punisher1!R10 -> 0 | K18: =Punisher1!R11 -> 0 | L18: =Punisher1!R12 -> 0 | M18: =Punisher1!R13 -> 0 | N18: =Punisher1!R14 -> 0 | O18: =Punisher1!R15 -> 0 | P18: =Punisher1!R16 -> 2 | Q18: =Punisher1!R17 -> 2 | R18: =Punisher1!R18 -> 0 | S18: =Punisher1!R19 -> 0 | T18: =Punisher1!R20 -> 1 | U18: =Punisher1!R21 -> 1 | V18: =Punisher1!R22 -> 1 | W18: =Punisher1!R23 -> 1 | X18: =Punisher1!R24 -> 1 | Y18: =Punisher1!R25 -> 1 | Z18: =Punisher1!R26 -> 1 | AA18: =Punisher1!R27 -> 1 | AB18: =Punisher1!R28 -> 1 | AC18: =Punisher1!R29 -> 1 | AD18: =Punisher1!R30 -> 1
A19: =Punisher1!S1 -> 0 | B19: =Punisher1!S2 -> 0 | C19: =Punisher1!S3 -> 1 | D19: =Punisher1!S4 -> 0 | E19: =Punisher1!S5 -> 0 | F19: =Punisher1!S6 -> 0 | G19: =Punisher1!S7 -> 0 | H19: =Punisher1!S8 -> 0 | I19: =Punisher1!S9 -> 0 | J19: =Punisher1!S10 -> 0 | K19: =Punisher1!S11 -> 0 | L19: =Punisher1!S12 -> 0 | M19: =Punisher1!S13 -> 2 | N19: =Punisher1!S14 -> 2 | O19: =Punisher1!S15 -> 2 | P19: =Punisher1!S16 -> 2 | Q19: =Punisher1!S17 -> 2 | R19: =Punisher1!S18 -> 0 | S19: =Punisher1!S19 -> 0 | T19: =Punisher1!S20 -> 1 | U19: =Punisher1!S21 -> 1 | V19: =Punisher1!S22 -> 0 | W19: =Punisher1!S23 -> 0 | X19: =Punisher1!S24 -> 0 | Y19: =Punisher1!S25 -> 0 | Z19: =Punisher1!S26 -> 0 | AA19: =Punisher1!S27 -> 0 | AB19: =Punisher1!S28 -> 0 | AC19: =Punisher1!S29 -> 0 | AD19: =Punisher1!S30 -> 0
A20: =Punisher1!T1 -> 0 | B20: =Punisher1!T2 -> 0 | C20: =Punisher1!T3 -> 0 | D20: =Punisher1!T4 -> 1 | E20: =Punisher1!T5 -> 0 | F20: =Punisher1!T6 -> 0 | G20: =Punisher1!T7 -> 0 | H20: =Punisher1!T8 -> 0 | I20: =Punisher1!T9 -> 0 | J20: =Punisher1!T10 -> 0 | K20: =Punisher1!T11 -> 0 | L20: =Punisher1!T12 -> 0 | M20: =Punisher1!T13 -> 2 | N20: =Punisher1!T14 -> 2 | O20: =Punisher1!T15 -> 2 | P20: =Punisher1!T16 -> 2 | Q20: =Punisher1!T17 -> 2 | R20: =Punisher1!T18 -> 0 | S20: =Punisher1!T19 -> 0 | T20: =Punisher1!T20 -> 1 | U20: =Punisher1!T21 -> 1 | V20: =Punisher1!T22 -> 0 | W20: =Punisher1!T23 -> 0 | X20: =Punisher1!T24 -> 0 | Y20: =Punisher1!T25 -> 0 | Z20: =Punisher1!T26 -> 0 | AA20: =Punisher1!T27 -> 0 | AB20: =Punisher1!T28 -> 0 | AC20: =Punisher1!T29 -> 0 | AD20: =Punisher1!T30 -> 0
A21: =Punisher1!U1 -> 0 | B21: =Punisher1!U2 -> 0 | C21: =Punisher1!U3 -> 0 | D21: =Punisher1!U4 -> 0 | E21: =Punisher1!U5 -> 1 | F21: =Punisher1!U6 -> 0 | G21: =Punisher1!U7 -> 0 | H21: =Punisher1!U8 -> 0 | I21: =Punisher1!U9 -> 0 | J21: =Punisher1!U10 -> 0 | K21: =Punisher1!U11 -> 0 | L21: =Punisher1!U12 -> 0 | M21: =Punisher1!U13 -> 2 | N21: =Punisher1!U14 -> 2 | O21: =Punisher1!U15 -> 2 | P21: =Punisher1!U16 -> 2 | Q21: =Punisher1!U17 -> 2 | R21: =Punisher1!U18 -> 0 | S21: =Punisher1!U19 -> 0 | T21: =Punisher1!U20 -> 0 | U21: =Punisher1!U21 -> 0 | V21: =Punisher1!U22 -> 0 | W21: =Punisher1!U23 -> 0 | X21: =Punisher1!U24 -> 0 | Y21: =Punisher1!U25 -> 0 | Z21: =Punisher1!U26 -> 0 | AA21: =Punisher1!U27 -> 0 | AB21: =Punisher1!U28 -> 0 | AC21: =Punisher1!U29 -> 0 | AD21: =Punisher1!U30 -> 0
A22: =Punisher1!V1 -> 0 | B22: =Punisher1!V2 -> 0 | C22: =Punisher1!V3 -> 0 | D22: =Punisher1!V4 -> 0 | E22: =Punisher1!V5 -> 0 | F22: =Punisher1!V6 -> 1 | G22: =Punisher1!V7 -> 0 | H22: =Punisher1!V8 -> 0 | I22: =Punisher1!V9 -> 0 | J22: =Punisher1!V10 -> 0 | K22: =Punisher1!V11 -> 0 | L22: =Punisher1!V12 -> 0 | M22: =Punisher1!V13 -> 0 | N22: =Punisher1!V14 -> 0 | O22: =Punisher1!V15 -> 0 | P22: =Punisher1!V16 -> 0 | Q22: =Punisher1!V17 -> 0 | R22: =Punisher1!V18 -> 1 | S22: =Punisher1!V19 -> 1 | T22: =Punisher1!V20 -> 0 | U22: =Punisher1!V21 -> 0 | V22: =Punisher1!V22 -> 0 | W22: =Punisher1!V23 -> 0 | X22: =Punisher1!V24 -> 0 | Y22: =Punisher1!V25 -> 0 | Z22: =Punisher1!V26 -> 0 | AA22: =Punisher1!V27 -> 0 | AB22: =Punisher1!V28 -> 0 | AC22: =Punisher1!V29 -> 0 | AD22: =Punisher1!V30 -> 0
A23: =Punisher1!W1 -> 0 | B23: =Punisher1!W2 -> 0 | C23: =Punisher1!W3 -> 0 | D23: =Punisher1!W4 -> 0 | E23: =Punisher1!W5 -> 0 | F23: =Punisher1!W6 -> 0 | G23: =Punisher1!W7 -> 1 | H23: =Punisher1!W8 -> 0 | I23: =Punisher1!W9 -> 0 | J23: =Punisher1!W10 -> 0 | K23: =Punisher1!W11 -> 0 | L23: =Punisher1!W12 -> 0 | M23: =Punisher1!W13 -> 0 | N23: =Punisher1!W14 -> 0 | O23: =Punisher1!W15 -> 0 | P23: =Punisher1!W16 -> 0 | Q23: =Punisher1!W17 -> 0 | R23: =Punisher1!W18 -> 0 | S23: =Punisher1!W19 -> 0 | T23: =Punisher1!W20 -> 1 | U23: =Punisher1!W21 -> 1 | V23: =Punisher1!W22 -> 0 | W23: =Punisher1!W23 -> 0 | X23: =Punisher1!W24 -> 0 | Y23: =Punisher1!W25 -> 0 | Z23: =Punisher1!W26 -> 0 | AA23: =Punisher1!W27 -> 0 | AB23: =Punisher1!W28 -> 0 | AC23: =Punisher1!W29 -> 0 | AD23: =Punisher1!W30 -> 0
A24: =Punisher1!X1 -> 0 | B24: =Punisher1!X2 -> 0 | C24: =Punisher1!X3 -> 0 | D24: =Punisher1!X4 -> 0 | E24: =Punisher1!X5 -> 0 | F24: =Punisher1!X6 -> 0 | G24: =Punisher1!X7 -> 0 | H24: =Punisher1!X8 -> 1 | I24: =Punisher1!X9 -> 1 | J24: =Punisher1!X10 -> 1 | K24: =Punisher1!X11 -> 1 | L24: =Punisher1!X12 -> 1 | M24: =Punisher1!X13 -> 1 | N24: =Punisher1!X14 -> 1 | O24: =Punisher1!X15 -> 1 | P24: =Punisher1!X16 -> 1 | Q24: =Punisher1!X17 -> 1 | R24: =Punisher1!X18 -> 0 | S24: =Punisher1!X19 -> 0 | T24: =Punisher1!X20 -> 0 | U24: =Punisher1!X21 -> 0 | V24: =Punisher1!X22 -> 0 | W24: =Punisher1!X23 -> 0 | X24: =Punisher1!X24 -> 0 | Y24: =Punisher1!X25 -> 0 | Z24: =Punisher1!X26 -> 0 | AA24: =Punisher1!X27 -> 0 | AB24: =Punisher1!X28 -> 0 | AC24: =Punisher1!X29 -> 0 | AD24: =Punisher1!X30 -> 0
A25: =Punisher1!Y1 -> 0 | B25: =Punisher1!Y2 -> 0 | C25: =Punisher1!Y3 -> 0 | D25: =Punisher1!Y4 -> 0 | E25: =Punisher1!Y5 -> 0 | F25: =Punisher1!Y6 -> 0 | G25: =Punisher1!Y7 -> 0 | H25: =Punisher1!Y8 -> 0 | I25: =Punisher1!Y9 -> 0 | J25: =Punisher1!Y10 -> 0 | K25: =Punisher1!Y11 -> 0 | L25: =Punisher1!Y12 -> 0 | M25: =Punisher1!Y13 -> 0 | N25: =Punisher1!Y14 -> 0 | O25: =Punisher1!Y15 -> 0 | P25: =Punisher1!Y16 -> 0 | Q25: =Punisher1!Y17 -> 0 | R25: =Punisher1!Y18 -> 0 | S25: =Punisher1!Y19 -> 0 | T25: =Punisher1!Y20 -> 0 | U25: =Punisher1!Y21 -> 0 | V25: =Punisher1!Y22 -> 0 | W25: =Punisher1!Y23 -> 0 | X25: =Punisher1!Y24 -> 0 | Y25: =Punisher1!Y25 -> 0 | Z25: =Punisher1!Y26 -> 0 | AA25: =Punisher1!Y27 -> 0 | AB25: =Punisher1!Y28 -> 0 | AC25: =Punisher1!Y29 -> 0 | AD25: =Punisher1!Y30 -> 0
A26: =Punisher1!Z1 -> 0 | B26: =Punisher1!Z2 -> 0 | C26: =Punisher1!Z3 -> 0 | D26: =Punisher1!Z4 -> 0 | E26: =Punisher1!Z5 -> 0 | F26: =Punisher1!Z6 -> 0 | G26: =Punisher1!Z7 -> 0 | H26: =Punisher1!Z8 -> 0 | I26: =Punisher1!Z9 -> 0 | J26: =Punisher1!Z10 -> 0 | K26: =Punisher1!Z11 -> 0 | L26: =Punisher1!Z12 -> 0 | M26: =Punisher1!Z13 -> 0 | N26: =Punisher1!Z14 -> 0 | O26: =Punisher1!Z15 -> 0 | P26: =Punisher1!Z16 -> 0 | Q26: =Punisher1!Z17 -> 0 | R26: =Punisher1!Z18 -> 0 | S26: =Punisher1!Z19 -> 0 | T26: =Punisher1!Z20 -> 0 | U26: =Punisher1!Z21 -> 0 | V26: =Punisher1!Z22 -> 0 | W26: =Punisher1!Z23 -> 0 | X26: =Punisher1!Z24 -> 0 | Y26: =Punisher1!Z25 -> 0 | Z26: =Punisher1!Z26 -> 0 | AA26: =Punisher1!Z27 -> 0 | AB26: =Punisher1!Z28 -> 0 | AC26: =Punisher1!Z29 -> 0 | AD26: =Punisher1!Z30 -> 0
A27: =Punisher1!AA1 -> 0 | B27: =Punisher1!AA2 -> 0 | C27: =Punisher1!AA3 -> 0 | D27: =Punisher1!AA4 -> 0 | E27: =Punisher1!AA5 -> 0 | F27: =Punisher1!AA6 -> 0 | G27: =Punisher1!AA7 -> 0 | H27: =Punisher1!AA8 -> 0 | I27: =Punisher1!AA9 -> 0 | J27: =Punisher1!AA10 -> 0 | K27: =Punisher1!AA11 -> 0 | L27: =Punisher1!AA12 -> 0 | M27: =Punisher1!AA13 -> 0 | N27: =Punisher1!AA14 -> 0 | O27: =Punisher1!AA15 -> 0 | P27: =Punisher1!AA16 -> 0 | Q27: =Punisher1!AA17 -> 0 | R27: =Punisher1!AA18 -> 0 | S27: =Punisher1!AA19 -> 0 | T27: =Punisher1!AA20 -> 0 | U27: =Punisher1!AA21 -> 0 | V27: =Punisher1!AA22 -> 0 | W27: =Punisher1!AA23 -> 0 | X27: =Punisher1!AA24 -> 0 | Y27: =Punisher1!AA25 -> 0 | Z27: =Punisher1!AA26 -> 0 | AA27: =Punisher1!AA27 -> 0 | AB27: =Punisher1!AA28 -> 0 | AC27: =Punisher1!AA29 -> 0 | AD27: =Punisher1!AA30 -> 0
A28: =Punisher1!AB1 -> 0 | B28: =Punisher1!AB2 -> 0 | C28: =Punisher1!AB3 -> 0 | D28: =Punisher1!AB4 -> 0 | E28: =Punisher1!AB5 -> 0 | F28: =Punisher1!AB6 -> 0 | G28: =Punisher1!AB7 -> 0 | H28: =Punisher1!AB8 -> 0 | I28: =Punisher1!AB9 -> 0 | J28: =Punisher1!AB10 -> 0 | K28: =Punisher1!AB11 -> 0 | L28: =Punisher1!AB12 -> 0 | M28: =Punisher1!AB13 -> 0 | N28: =Punisher1!AB14 -> 0 | O28: =Punisher1!AB15 -> 0 | P28: =Punisher1!AB16 -> 0 | Q28: =Punisher1!AB17 -> 0 | R28: =Punisher1!AB18 -> 0 | S28: =Punisher1!AB19 -> 0 | T28: =Punisher1!AB20 -> 0 | U28: =Punisher1!AB21 -> 0 | V28: =Punisher1!AB22 -> 0 | W28: =Punisher1!AB23 -> 0 | X28: =Punisher1!AB24 -> 0 | Y28: =Punisher1!AB25 -> 0 | Z28: =Punisher1!AB26 -> 0 | AA28: =Punisher1!AB27 -> 0 | AB28: =Punisher1!AB28 -> 0 | AC28: =Punisher1!AB29 -> 0 | AD28: =Punisher1!AB30 -> 0
A29: =Punisher1!AC1 -> 0 | B29: =Punisher1!AC2 -> 0 | C29: =Punisher1!AC3 -> 0 | D29: =Punisher1!AC4 -> 0 | E29: =Punisher1!AC5 -> 0 | F29: =Punisher1!AC6 -> 0 | G29: =Punisher1!AC7 -> 0 | H29: =Punisher1!AC8 -> 0 | I29: =Punisher1!AC9 -> 0 | J29: =Punisher1!AC10 -> 0 | K29: =Punisher1!AC11 -> 0 | L29: =Punisher1!AC12 -> 0 | M29: =Punisher1!AC13 -> 0 | N29: =Punisher1!AC14 -> 0 | O29: =Punisher1!AC15 -> 0 | P29: =Punisher1!AC16 -> 0 | Q29: =Punisher1!AC17 -> 0 | R29: =Punisher1!AC18 -> 0 | S29: =Punisher1!AC19 -> 0 | T29: =Punisher1!AC20 -> 0 | U29: =Punisher1!AC21 -> 0 | V29: =Punisher1!AC22 -> 0 | W29: =Punisher1!AC23 -> 0 | X29: =Punisher1!AC24 -> 0 | Y29: =Punisher1!AC25 -> 0 | Z29: =Punisher1!AC26 -> 0 | AA29: =Punisher1!AC27 -> 0 | AB29: =Punisher1!AC28 -> 0 | AC29: =Punisher1!AC29 -> 0 | AD29: =Punisher1!AC30 -> 0
A30: =Punisher1!AD1 -> 0 | B30: =Punisher1!AD2 -> 0 | C30: =Punisher1!AD3 -> 0 | D30: =Punisher1!AD4 -> 0 | E30: =Punisher1!AD5 -> 0 | F30: =Punisher1!AD6 -> 0 | G30: =Punisher1!AD7 -> 0 | H30: =Punisher1!AD8 -> 0 | I30: =Punisher1!AD9 -> 0 | J30: =Punisher1!AD10 -> 0 | K30: =Punisher1!AD11 -> 0 | L30: =Punisher1!AD12 -> 0 | M30: =Punisher1!AD13 -> 0 | N30: =Punisher1!AD14 -> 0 | O30: =Punisher1!AD15 -> 0 | P30: =Punisher1!AD16 -> 0 | Q30: =Punisher1!AD17 -> 0 | R30: =Punisher1!AD18 -> 0 | S30: =Punisher1!AD19 -> 0 | T30: =Punisher1!AD20 -> 0 | U30: =Punisher1!AD21 -> 0 | V30: =Punisher1!AD22 -> 0 | W30: =Punisher1!AD23 -> 0 | X30: =Punisher1!AD24 -> 0 | Y30: =Punisher1!AD25 -> 0 | Z30: =Punisher1!AD26 -> 0 | AA30: =Punisher1!AD27 -> 0 | AB30: =Punisher1!AD28 -> 0 | AC30: =Punisher1!AD29 -> 0 | AD30: =Punisher1!AD30 -> 0

Sheet Suma_Punisher1_Deadpool2
A1: =Punisher1!A1+Deadpool2!A1 -> 0 | B1: =Punisher1!B1+Deadpool2!B1 -> 0 | C1: =Punisher1!C1+Deadpool2!C1 -> 0 | D1: =Punisher1!D1+Deadpool2!D1 -> 0 | E1: =Punisher1!E1+Deadpool2!E1 -> 0 | F1: =Punisher1!F1+Deadpool2!F1 -> 0 | G1: =Punisher1!G1+Deadpool2!G1 -> 0 | H1: =Punisher1!H1+Deadpool2!H1 -> 0 | ... AD1: =Punisher1!AD1+Deadpool2!AD1 -> 0
A2: =Punisher1!A2+Deadpool2!A2 -> 0 | B2: =Punisher1!B2+Deadpool2!B2 -> 0 | C2: =Punisher1!C2+Deadpool2!C2 -> 0 | D2: =Punisher1!D2+Deadpool2!D2 -> 0 | E2: =Punisher1!E2+Deadpool2!E2 -> 0 | F2: =Punisher1!F2+Deadpool2!F2 -> 0 | G2: =Punisher1!G2+Deadpool2!G2 -> 0 | H2: =Punisher1!H2+Deadpool2!H2 -> 0 | ... AD2: =Punisher1!AD2+Deadpool2!AD2 -> 0
A3: =Punisher1!A3+Deadpool2!A3 -> 0 | B3: =Punisher1!B3+Deadpool2!B3 -> 0 | C3: =Punisher1!C3+Deadpool2!C3 -> 0 | D3: =Punisher1!D3+Deadpool2!D3 -> 0 | E3: =Punisher1!E3+Deadpool2!E3 -> 0 | F3: =Punisher1!F3+Deadpool2!F3 -> 0 | G3: =Punisher1!G3+Deadpool2!G3 -> 0 | H3: =Punisher1!H3+Deadpool2!H3 -> 1 | ... AD3: =Punisher1!AD3+Deadpool2!AD3 -> 0
A4: =Punisher1!A4+Deadpool2!A4 -> 0 | B4: =Punisher1!B4+Deadpool2!B4 -> 0 | C4: =Punisher1!C4+Deadpool2!C4 -> 0 | D4: =Punisher1!D4+Deadpool2!D4 -> 0 | E4: =Punisher1!E4+Deadpool2!E4 -> 0 | F4: =Punisher1!F4+Deadpool2!F4 -> 1 | G4: =Punisher1!G4+Deadpool2!G4 -> 1 | H4: =Punisher1!H4+Deadpool2!H4 -> 0 | ... AD4: =Punisher1!AD4+Deadpool2!AD4 -> 0
A5: =Punisher1!A5+Deadpool2!A5 -> 0 | B5: =Punisher1!B5+Deadpool2!B5 -> 0 | C5: =Punisher1!C5+Deadpool2!C5 -> 0 | D5: =Punisher1!D5+Deadpool2!D5 -> 0 | E5: =Punisher1!E5+Deadpool2!E5 -> 1 | F5: =Punisher1!F5+Deadpool2!F5 -> 0 | G5: =Punisher1!G5+Deadpool2!G5 -> 0 | H5: =Punisher1!H5+Deadpool2!H5 -> 2 | ... AD5: =Punisher1!AD5+Deadpool2!AD5 -> 0
A6: =Punisher1!A6+Deadpool2!A6 -> 0 | B6: =Punisher1!B6+Deadpool2!B6 -> 0 | C6: =Punisher1!C6+Deadpool2!C6 -> 0 | D6: =Punisher1!D6+Deadpool2!D6 -> 1 | E6: =Punisher1!E6+Deadpool2!E6 -> 0 | F6: =Punisher1!F6+Deadpool2!F6 -> 2 | G6: =Punisher1!G6+Deadpool2!G6 -> 2 | H6: =Punisher1!H6+Deadpool2!H6 -> 2 | ... AD6: =Punisher1!AD6+Deadpool2!AD6 -> 0
A7: =Punisher1!A7+Deadpool2!A7 -> 0 | B7: =Punisher1!B7+Deadpool2!B7 -> 0 | C7: =Punisher1!C7+Deadpool2!C7 -> 1 | D7: =Punisher1!D7+Deadpool2!D7 -> 0 | E7: =Punisher1!E7+Deadpool2!E7 -> 2 | F7: =Punisher1!F7+Deadpool2!F7 -> 2 | G7: =Punisher1!G7+Deadpool2!G7 -> 2 | H7: =Punisher1!H7+Deadpool2!H7 -> 2 | ... AD7: =Punisher1!AD7+Deadpool2!AD7 -> 0
A8: =Punisher1!A8+Deadpool2!A8 -> 0 | B8: =Punisher1!B8+Deadpool2!B8 -> 1 | C8: =Punisher1!C8+Deadpool2!C8 -> 0 | D8: =Punisher1!D8+Deadpool2!D8 -> 2 | E8: =Punisher1!E8+Deadpool2!E8 -> 2 | F8: =Punisher1!F8+Deadpool2!F8 -> 2 | G8: =Punisher1!G8+Deadpool2!G8 -> 2 | H8: =Punisher1!H8+Deadpool2!H8 -> 1 | ... AD8: =Punisher1!AD8+Deadpool2!AD8 -> 0
A9: =Punisher1!A9+Deadpool2!A9 -> 0 | B9: =Punisher1!B9+Deadpool2!B9 -> 1 | C9: =Punisher1!C9+Deadpool2!C9 -> 2 | D9: =Punisher1!D9+Deadpool2!D9 -> 2 | E9: =Punisher1!E9+Deadpool2!E9 -> 2 | F9: =Punisher1!F9+Deadpool2!F9 -> 1 | G9: =Punisher1!G9+Deadpool2!G9 -> 1 | H9: =Punisher1!H9+Deadpool2!H9 -> 1 | ... AD9: =Punisher1!AD9+Deadpool2!AD9 -> 0
A10: =Punisher1!A10+Deadpool2!A10 -> 0 | B10: =Punisher1!B10+Deadpool2!B10 -> 3 | C10: =Punisher1!C10+Deadpool2!C10 -> 2 | D10: =Punisher1!D10+Deadpool2!D10 -> 2 | E10: =Punisher1!E10+Deadpool2!E10 -> 2 | F10: =Punisher1!F10+Deadpool2!F10 -> 1 | G10: =Punisher1!G10+Deadpool2!G10 -> 1 | H10: =Punisher1!H10+Deadpool2!H10 -> 1 | ... AD10: =Punisher1!AD10+Deadpool2!AD10 -> 0
A11: =Punisher1!A11+Deadpool2!A11 -> 0 | B11: =Punisher1!B11+Deadpool2!B11 -> 3 | C11: =Punisher1!C11+Deadpool2!C11 -> 2 | D11: =Punisher1!D11+Deadpool2!D11 -> 2 | E11: =Punisher1!E11+Deadpool2!E11 -> 1 | F11: =Punisher1!F11+Deadpool2!F11 -> 1 | G11: =Punisher1!G11+Deadpool2!G11 -> 1 | H11: =Punisher1!H11+Deadpool2!H11 -> 1 | ... AD11: =Punisher1!AD11+Deadpool2!AD11 -> 0
A12: =Punisher1!A12+Deadpool2!A12 -> 0 | B12: =Punisher1!B12+Deadpool2!B12 -> 3 | C12: =Punisher1!C12+Deadpool2!C12 -> 2 | D12: =Punisher1!D12+Deadpool2!D12 -> 2 | E12: =Punisher1!E12+Deadpool2!E12 -> 1 | F12: =Punisher1!F12+Deadpool2!F12 -> 1 | G12: =Punisher1!G12+Deadpool2!G12 -> 1 | H12: =Punisher1!H12+Deadpool2!H12 -> 1 | ... AD12: =Punisher1!AD12+Deadpool2!AD12 -> 0
... A19: =Punisher1!A19+Deadpool2!A19 -> 0 | B19: =Punisher1!B19+Deadpool2!B19 -> 2 | C19: =Punisher1!C19+Deadpool2!C19 -> 2 | D19: =Punisher1!D19+Deadpool2!D19 -> 3 | E19: =Punisher1!E19+Deadpool2!E19 -> 1 | F19: =Punisher1!F19+Deadpool2!F19 -> 1 | G19: =Punisher1!G19+Deadpool2!G19 -> 0 | H19: =Punisher1!H19+Deadpool2!H19 -> 0 | ... AD19: =Punisher1!AD19+Deadpool2!AD19 -> 0
A20: =Punisher1!A20+Deadpool2!A20 -> 0 | B20: =Punisher1!B20+Deadpool2!B20 -> 2 | C20: =Punisher1!C20+Deadpool2!C20 -> 3 | D20: =Punisher1!D20+Deadpool2!D20 -> 2 | E20: =Punisher1!E20+Deadpool2!E20 -> 1 | F20: =Punisher1!F20+Deadpool2!F20 -> 2 | G20: =Punisher1!G20+Deadpool2!G20 -> 2 | H20: =Punisher1!H20+Deadpool2!H20 -> 1 | ... Q20: =Punisher1!Q20+Deadpool2!Q20 -> 2 | S20: =Punisher1!S20+Deadpool2!S20 -> 1 | T20: =Punisher1!T20+Deadpool2!T20 -> 1 | U20: =Punisher1!U20+Deadpool2!U20 -> 0 | V20: =Punisher1!V20+Deadpool2!V20 -> 0 | W20: =Punisher1!W20+Deadpool2!W20 -> 2 | X20: =Punisher1!X20+Deadpool2!X20 -> 1 | Y20: =Punisher1!Y20+Deadpool2!Y20 -> 1 | Z20: =Punisher1!Z20+Deadpool2!Z20 -> 2 | ... AD20: =Punisher1!AD20+Deadpool2!AD20 -> 0
A21: =Punisher1!A21+Deadpool2!A21 -> 0 | B21: =Punisher1!B21+Deadpool2!B21 -> 0 | C21: =Punisher1!C21+Deadpool2!C21 -> 3 | D21: =Punisher1!D21+Deadpool2!D21 -> 2 | E21: =Punisher1!E21+Deadpool2!E21 -> 2 | F21: =Punisher1!F21+Deadpool2!F21 -> 2 | G21: =Punisher1!G21+Deadpool2!G21 -> 2 | H21: =Punisher1!H21+Deadpool2!H21 -> 2 | ... AD21: =Punisher1!AD21+Deadpool2!AD21 -> 0
A22: =Punisher1!A22+Deadpool2!A22 -> 0 | B22: =Punisher1!B22+Deadpool2!B22 -> 0 | C22: =Punisher1!C22+Deadpool2!C22 -> 0 | D22: =Punisher1!D22+Deadpool2!D22 -> 2 | E22: =Punisher1!E22+Deadpool2!E22 -> 2 | F22: =Punisher1!F22+Deadpool2!F22 -> 1 | G22: =Punisher1!G22+Deadpool2!G22 -> 1 | H22: =Punisher1!H22+Deadpool2!H22 -> 2 | ... AD22: =Punisher1!AD22+Deadpool2!AD22 -> 0
A23: =Punisher1!A23+Deadpool2!A23 -> 0 | B23: =Punisher1!B23+Deadpool2!B23 -> 0 | C23: =Punisher1!C23+Deadpool2!C23 -> 0 | D23: =Punisher1!D23+Deadpool2!D23 -> 0 | E23: =Punisher1!E23+Deadpool2!E23 -> 2 | F23: =Punisher1!F23+Deadpool2!F23 -> 2 | G23: =Punisher1!G23+Deadpool2!G23 -> 2 | H23: =Punisher1!H23+Deadpool2!H23 -> 2 | ... AD23: =Punisher1!AD23+Deadpool2!AD23 -> 0
A24: =Punisher1!A24+Deadpool2!A24 -> 0 | B24: =Punisher1!B24+Deadpool2!B24 -> 0 | C24: =Punisher1!C24+Deadpool2!C24 -> 0 | D24: =Punisher1!D24+Deadpool2!D24 -> 0 | E24: =Punisher1!E24+Deadpool2!E24 -> 0 | F24: =Punisher1!F24+Deadpool2!F24 -> 2 | G24: =Punisher1!G24+Deadpool2!G24 -> 2 | H24: =Punisher1!H24+Deadpool2!H24 -> 3 | ... AD24: =Punisher1!AD24+Deadpool2!AD24 -> 0
A25: =Punisher1!A25+Deadpool2!A25 -> 0 | B25: =Punisher1!B25+Deadpool2!B25 -> 0 | C25: =Punisher1!C25+Deadpool2!C25 -> 0 | D25: =Punisher1!D25+Deadpool2!D25 -> 0 | E25: =Punisher1!E25+Deadpool2!E25 -> 0 | F25: =Punisher1!F25+Deadpool2!F25 -> 0 | G25: =Punisher1!G25+Deadpool2!G25 -> 2 | H25: =Punisher1!H25+Deadpool2!H25 -> 3 | ... AD25: =Punisher1!AD25+Deadpool2!AD25 -> 0
A26: =Punisher1!A26+Deadpool2!A26 -> 0 | B26: =Punisher1!B26+Deadpool2!B26 -> 0 | C26: =Punisher1!C26+Deadpool2!C26 -> 0 | D26: =Punisher1!D26+Deadpool2!D26 -> 0 | E26: =Punisher1!E26+Deadpool2!E26 -> 0 | F26: =Punisher1!F26+Deadpool2!F26 -> 0 | G26: =Punisher1!G26+Deadpool2!G26 -> 2 | H26: =Punisher1!H26+Deadpool2!H26 -> 3 | ... AD26: =Punisher1!AD26+Deadpool2!AD26 -> 0
A27: =Punisher1!A27+Deadpool2!A27 -> 0 | B27: =Punisher1!B27+Deadpool2!B27 -> 0 | C27: =Punisher1!C27+Deadpool2!C27 -> 0 | D27: =Punisher1!D27+Deadpool2!D27 -> 0 | E27: =Punisher1!E27+Deadpool2!E27 -> 0 | F27: =Punisher1!F27+Deadpool2!F27 -> 0 | G27: =Punisher1!G27+Deadpool2!G27 -> 0 | H27: =Punisher1!H27+Deadpool2!H27 -> 1 | ... AD27: =Punisher1!AD27+Deadpool2!AD27 -> 0
A28: =Punisher1!A28+Deadpool2!A28 -> 0 | B28: =Punisher1!B28+Deadpool2!B28 -> 0 | C28: =Punisher1!C28+Deadpool2!C28 -> 0 | D28: =Punisher1!D28+Deadpool2!D28 -> 0 | E28: =Punisher1!E28+Deadpool2!E28 -> 0 | F28: =Punisher1!F28+Deadpool2!F28 -> 0 | G28: =Punisher1!G28+Deadpool2!G28 -> 0 | H28: =Punisher1!H28+Deadpool2!H28 -> 1 | ... AD28: =Punisher1!AD28+Deadpool2!AD28 -> 0
A29: =Punisher1!A29+Deadpool2!A29 -> 0 | B29: =Punisher1!B29+Deadpool2!B29 -> 0 | C29: =Punisher1!C29+Deadpool2!C29 -> 0 | D29: =Punisher1!D29+Deadpool2!D29 -> 0 | E29: =Punisher1!E29+Deadpool2!E29 -> 0 | F29: =Punisher1!F29+Deadpool2!F29 -> 0 | G29: =Punisher1!G29+Deadpool2!G29 -> 0 | H29: =Punisher1!H29+Deadpool2!H29 -> 1 | ... AD29: =Punisher1!AD29+Deadpool2!AD29 -> 0
A30: =Punisher1!A30+Deadpool2!A30 -> 0 | B30: =Punisher1!B30+Deadpool2!B30 -> 0 | C30: =Punisher1!C30+Deadpool2!C30 -> 0 | D30: =Punisher1!D30+Deadpool2!D30 -> 0 | E30: =Punisher1!E30+Deadpool2!E30 -> 0 | F30: =Punisher1!F30+Deadpool2!F30 -> 0 | G30: =Punisher1!G30+Deadpool2!G30 -> 0 | H30: =Punisher1!H30+Deadpool2!H30 -> 1 | ... AD30: =Punisher1!AD30+Deadpool2!AD30 -> 0

Sheet Resta_Punisher1_Deadpool2
A1: =Punisher1!A1-Deadpool2!A1 -> 0 | B1: =Punisher1!B1-Deadpool2!B1 -> 0 | C1: =Punisher1!C1-Deadpool2!C1 -> 0 | D1: =Punisher1!D1-Deadpool2!D1 -> 0 | E1: =Punisher1!E1-Deadpool2!E1 -> 0 | F1: =Punisher1!F1-Deadpool2!F1 -> 0 | G1: =Punisher1!G1-Deadpool2!G1 -> 0 | H1: =Punisher1!H1-Deadpool2!H1 -> 0 | ... AD1: =Punisher1!AD1-Deadpool2!AD1 -> 0
A2: =Punisher1!A2-Deadpool2!A2 -> 0 | B2: =Punisher1!B2-Deadpool2!B2 -> 0 | C2: =Punisher1!C2-Deadpool2!C2 -> 0 | D2: =Punisher1!D2-Deadpool2!D2 -> 0 | E2: =Punisher1!E2-Deadpool2!E2 -> 0 | F2: =Punisher1!F2-Deadpool2!F2 -> 0 | G2: =Punisher1!G2-Deadpool2!G2 -> 0 | H2: =Punisher1!H2-Deadpool2!H2 -> 0 | ... AD2: =Punisher1!AD2-Deadpool2!AD2 -> 0
A3: =Punisher1!A3-Deadpool2!A3 -> 0 | B3: =Punisher1!B3-Deadpool2!B3 -> 0 | C3: =Punisher1!C3-Deadpool2!C3 -> 0 | D3: =Punisher1!D3-Deadpool2!D3 -> 0 | E3: =Punisher1!E3-Deadpool2!E3 -> 0 | F3: =Punisher1!F3-Deadpool2!F3 -> 0 | G3: =Punisher1!G3-Deadpool2!G3 -> 0 | H3: =Punisher1!H3-Deadpool2!H3 -> 1 | ... AD3: =Punisher1!AD3-Deadpool2!AD3 -> 0
A4: =Punisher1!A4-Deadpool2!A4 -> 0 | B4: =Punisher1!B4-Deadpool2!B4 -> 0 | C4: =Punisher1!C4-Deadpool2!C4 -> 0 | D4: =Punisher1!D4-Deadpool2!D4 -> 0 | E4: =Punisher1!E4-Deadpool2!E4 -> 0 | F4: =Punisher1!F4-Deadpool2!F4 -> 1 | G4: =Punisher1!G4-Deadpool2!G4 -> 1 | H4: =Punisher1!H4-Deadpool2!H4 -> 0 | ... AD4: =Punisher1!AD4-Deadpool2!AD4 -> 0
A5: =Punisher1!A5-Deadpool2!A5 -> 0 | B5: =Punisher1!B5-Deadpool2!B5 -> 0 | C5: =Punisher1!C5-Deadpool2!C5 -> 0 | D5: =Punisher1!D5-Deadpool2!D5 -> 0 | E5: =Punisher1!E5-Deadpool2!E5 -> 1 | F5: =Punisher1!F5-Deadpool2!F5 -> 0 | G5: =Punisher1!G5-Deadpool2!G5 -> 0 | H5: =Punisher1!H5-Deadpool2!H5 -> -2 | ... AD5: =Punisher1!AD5-Deadpool2!AD5 -> 0
A6: =Punisher1!A6-Deadpool2!A6 -> 0 | B6: =Punisher1!B6-Deadpool2!B6 -> 0 | C6: =Punisher1!C6-Deadpool2!C6 -> 0 | D6: =Punisher1!D6-Deadpool2!D6 -> 1 | E6: =Punisher1!E6-Deadpool2!E6 -> 0 | F6: =Punisher1!F6-Deadpool2!F6 -> -2 | G6: =Punisher1!G6-Deadpool2!G6 -> -2 | H6: =Punisher1!H6-Deadpool2!H6 -> -2 | ... AD6: =Punisher1!AD6-Deadpool2!AD6 -> 0
A7: =Punisher1!A7-Deadpool2!A7 -> 0 | B7: =Punisher1!B7-Deadpool2!B7 -> 0 | C7: =Punisher1!C7-Deadpool2!C7 -> 1 | D7: =Punisher1!D7-Deadpool2!D7 -> 0 | E7: =Punisher1!E7-Deadpool2!E7 -> -2 | F7: =Punisher1!F7-Deadpool2!F7 -> -2 | G7: =Punisher1!G7-Deadpool2!G7 -> -2 | H7: =Punisher1!H7-Deadpool2!H7 -> -2 | ... AD7: =Punisher1!AD7-Deadpool2!AD7 -> 0
A8: =Punisher1!A8-Deadpool2!A8 -> 0 | B8: =Punisher1!B8-Deadpool2!B8 -> 1 | C8: =Punisher1!C8-Deadpool2!C8 -> 0 | D8: =Punisher1!D8-Deadpool2!D8 -> -2 | E8: =Punisher1!E8-Deadpool2!E8 -> -2 | F8: =Punisher1!F8-Deadpool2!F8 -> -2 | G8: =Punisher1!G8-Deadpool2!G8 -> -2 | H8: =Punisher1!H8-Deadpool2!H8 -> -1 | ... AD8: =Punisher1!AD8-Deadpool2!AD8 -> 0
A9: =Punisher1!A9-Deadpool2!A9 -> 0 | B9: =Punisher1!B9-Deadpool2!B9 -> 1 | C9: =Punisher1!C9-Deadpool2!C9 -> -2 | D9: =Punisher1!D9-Deadpool2!D9 -> -2 | E9: =Punisher1!E9-Deadpool2!E9 -> -2 | F9: =Punisher1!F9-Deadpool2!F9 -> -1 | G9: =Punisher1!G9-Deadpool2!G9 -> -1 | H9: =Punisher1!H9-Deadpool2!H9 -> -1 | ... AD9: =Punisher1!AD9-Deadpool2!AD9 -> 0
A10: =Punisher1!A10-Deadpool2!A10 -> 0 | B10: =Punisher1!B10-Deadpool2!B10 -> -1 | C10: =Punisher1!C10-Deadpool2!C10 -> -2 | D10: =Punisher1!D10-Deadpool2!D10 -> -2 | E10: =Punisher1!E10-Deadpool2!E10 -> -2 | F10: =Punisher1!F10-Deadpool2!F10 -> -1 | G10: =Punisher1!G10-Deadpool2!G10 -> -1 | H10: =Punisher1!H10-Deadpool2!H10 -> -1 | ... AD10: =Punisher1!AD10-Deadpool2!AD10 -> 0
A11: =Punisher1!A11-Deadpool2!A11 -> 0 | B11: =Punisher1!B11-Deadpool2!B11 -> -1 | C11: =Punisher1!C11-Deadpool2!C11 -> -2 | D11: =Punisher1!D11-Deadpool2!D11 -> -2 | E11: =Punisher1!E11-Deadpool2!E11 -> -1 | F11: =Punisher1!F11-Deadpool2!F11 -> -1 | G11: =Punisher1!G11-Deadpool2!G11 -> -1 | H11: =Punisher1!H11-Deadpool2!H11 -> -1 | ... AD11: =Punisher1!AD11-Deadpool2!AD11 -> 0
A12: =Punisher1!A12-Deadpool2!A12 -> 0 | B12: =Punisher1!B12-Deadpool2!B12 -> -1 | C12: =Punisher1!C12-Deadpool2!C12 -> -2 | D12: =Punisher1!D12-Deadpool2!D12 -> -2 | E12: =Punisher1!E12-Deadpool2!E12 -> -1 | F12: =Punisher1!F12-Deadpool2!F12 -> -1 | G12: =Punisher1!G12-Deadpool2!G12 -> -1 | H12: =Punisher1!H12-Deadpool2!H12 -> -1 | ... AD12: =Punisher1!AD12-Deadpool2!AD12 -> 0
... A19: =Punisher1!A19-Deadpool2!A19 -> 0 | B19: =Punisher1!B19-Deadpool2!B19 -> -2 | C19: =Punisher1!C19-Deadpool2!C19 -> -2 | D19: =Punisher1!D19-Deadpool2!D19 -> -1 | E19: =Punisher1!E19-Deadpool2!E19 -> -1 | F19: =Punisher1!F19-Deadpool2!F19 -> -1 | G19: =Punisher1!G19-Deadpool2!G19 -> 0 | H19: =Punisher1!H19-Deadpool2!H19 -> 0 | ... AD19: =Punisher1!AD19-Deadpool2!AD19 -> 0
A20: =Punisher1!A20-Deadpool2!A20 -> 0 | B20: =Punisher1!B20-Deadpool2!B20 -> -2 | C20: =Punisher1!C20-Deadpool2!C20 -> -1 | D20: =Punisher1!D20-Deadpool2!D20 -> -2 | E20: =Punisher1!E20-Deadpool2!E20 -> -1 | F20: =Punisher1!F20-Deadpool2!F20 -> 0 | G20: =Punisher1!G20-Deadpool2!G20 -> 0 | H20: =Punisher1!H20-Deadpool2!H20 -> 1 | ... Q20: =Punisher1!Q20-Deadpool2!Q20 -> 0 | S20: =Punisher1!S20-Deadpool2!S20 -> 1 | T20: =Punisher1!T20-Deadpool2!T20 -> 1 | U20: =Punisher1!U20-Deadpool2!U20 -> 0 | V20: =Punisher1!V20-Deadpool2!V20 -> 0 | W20: =Punisher1!W20-Deadpool2!W20 -> 0 | X20: =Punisher1!X20-Deadpool2!X20 -> -1 | Y20: =Punisher1!Y20-Deadpool2!Y20 -> -1 | Z20: =Punisher1!Z20-Deadpool2!Z20 -> -2 | ... AD20: =Punisher1!AD20-Deadpool2!AD20 -> 0
A21: =Punisher1!A21-Deadpool2!A21 -> 0 | B21: =Punisher1!B21-Deadpool2!B21 -> 0 | C21: =Punisher1!C21-Deadpool2!C21 -> -1 | D21: =Punisher1!D21-Deadpool2!D21 -> -2 | E21: =Punisher1!E21-Deadpool2!E21 -> -2 | F21: =Punisher1!F21-Deadpool2!F21 -> 0 | G21: =Punisher1!G21-Deadpool2!G21 -> 0 | H21: =Punisher1!H21-Deadpool2!H21 -> 0 | ... AD21: =Punisher1!AD21-Deadpool2!AD21 -> 0
A22: =Punisher1!A22-Deadpool2!A22 -> 0 | B22: =Punisher1!B22-Deadpool2!B22 -> 0 | C22: =Punisher1!C22-Deadpool2!C22 -> 0 | D22: =Punisher1!D22-Deadpool2!D22 -> -2 | E22: =Punisher1!E22-Deadpool2!E22 -> -2 | F22: =Punisher1!F22-Deadpool2!F22 -> -1 | G22: =Punisher1!G22-Deadpool2!G22 -> -1 | H22: =Punisher1!H22-Deadpool2!H22 -> 0 | ... AD22: =Punisher1!AD22-Deadpool2!AD22 -> 0
A23: =Punisher1!A23-Deadpool2!A23 -> 0 | B23: =Punisher1!B23-Deadpool2!B23 -> 0 | C23: =Punisher1!C23-Deadpool2!C23 -> 0 | D23: =Punisher1!D23-Deadpool2!D23 -> 0 | E23: =Punisher1!E23-Deadpool2!E23 -> -2 | F23: =Punisher1!F23-Deadpool2!F23 -> -2 | G23: =Punisher1!G23-Deadpool2!G23 -> -2 | H23: =Punisher1!H23-Deadpool2!H23 -> 0 | ... AD23: =Punisher1!AD23-Deadpool2!AD23 -> 0
A24: =Punisher1!A24-Deadpool2!A24 -> 0 | B24: =Punisher1!B24-Deadpool2!B24 -> 0 | C24: =Punisher1!C24-Deadpool2!C24 -> 0 | D24: =Punisher1!D24-Deadpool2!D24 -> 0 | E24: =Punisher1!E24-Deadpool2!E24 -> 0 | F24: =Punisher1!F24-Deadpool2!F24 -> -2 | G24: =Punisher1!G24-Deadpool2!G24 -> -2 | H24: =Punisher1!H24-Deadpool2!H24 -> -1 | ... AD24: =Punisher1!AD24-Deadpool2!AD24 -> 0
A25: =Punisher1!A25-Deadpool2!A25 -> 0 | B25: =Punisher1!B25-Deadpool2!B25 -> 0 | C25: =Punisher1!C25-Deadpool2!C25 -> 0 | D25: =Punisher1!D25-Deadpool2!D25 -> 0 | E25: =Punisher1!E25-Deadpool2!E25 -> 0 | F25: =Punisher1!F25-Deadpool2!F25 -> 0 | G25: =Punisher1!G25-Deadpool2!G25 -> -2 | H25: =Punisher1!H25-Deadpool2!H25 -> -1 | ... AD25: =Punisher1!AD25-Deadpool2!AD25 -> 0
A26: =Punisher1!A26-Deadpool2!A26 -> 0 | B26: =Punisher1!B26-Deadpool2!B26 -> 0 | C26: =Punisher1!C26-Deadpool2!C26 -> 0 | D26: =Punisher1!D26-Deadpool2!D26 -> 0 | E26: =Punisher1!E26-Deadpool2!E26 -> 0 | F26: =Punisher1!F26-Deadpool2!F26 -> 0 | G26: =Punisher1!G26-Deadpool2!G26 -> -2 | H26: =Punisher1!H26-Deadpool2!H26 -> -1 | ... AD26: =Punisher1!AD26-Deadpool2!AD26 -> 0
A27: =Punisher1!A27-Deadpool2!A27 -> 0 | B27: =Punisher1!B27-Deadpool2!B27 -> 0 | C27: =Punisher1!C27-Deadpool2!C27 -> 0 | D27: =Punisher1!D27-Deadpool2!D27 -> 0 | E27: =Punisher1!E27-Deadpool2!E27 -> 0 | F27: =Punisher1!F27-Deadpool2!F27 -> 0 | G27: =Punisher1!G27-Deadpool2!G27 -> 0 | H27: =Punisher1!H27-Deadpool2!H27 -> 1 | ... AD27: =Punisher1!AD27-Deadpool2!AD27 -> 0
A28: =Punisher1!A28-Deadpool2!A28 -> 0 | B28: =Punisher1!B28-Deadpool2!B28 -> 0 | C28: =Punisher1!C28-Deadpool2!C28 -> 0 | D28: =Punisher1!D28-Deadpool2!D28 -> 0 | E28: =Punisher1!E28-Deadpool2!E28 -> 0 | F28: =Punisher1!F28-Deadpool2!F28 -> 0 | G28: =Punisher1!G28-Deadpool2!G28 -> 0 | H28: =Punisher1!H28-Deadpool2!H28 -> 1 | ... AD28: =Punisher1!AD28-Deadpool2!AD28 -> 0
A29: =Punisher1!A29-Deadpool2!A29 -> 0 | B29: =Punisher1!B29-Deadpool2!B29 -> 0 | C29: =Punisher1!C29-Deadpool2!C29 -> 0 | D29: =Punisher1!D29-Deadpool2!D29 -> 0 | E29: =Punisher1!E29-Deadpool2!E29 -> 0 | F29: =Punisher1!F29-Deadpool2!F29 -> 0 | G29: =Punisher1!G29-Deadpool2!G29 -> 0 | H29: =Punisher1!H29-Deadpool2!H29 -> 1 | ... AD29: =Punisher1!AD29-Deadpool2!AD29 -> 0
A30: =Punisher1!A30-Deadpool2!A30 -> 0 | B30: =Punisher1!B30-Deadpool2!B30 -> 0 | C30: =Punisher1!C30-Deadpool2!C30 -> 0 | D30: =Punisher1!D30-Deadpool2!D30 -> 0 | E30: =Punisher1!E30-Deadpool2!E30 -> 0 | F30: =Punisher1!F30-Deadpool2!F30 -> 0 | G30: =Punisher1!G30-Deadpool2!G30 -> 0 | H30: =Punisher1!H30-Deadpool2!H30 -> 1 | ... AD30: =Punisher1!AD30-Deadpool2!AD30 -> 0

Sheet Multi-Escalar_Punisher1
A1: =2*Punisher1!A1 -> 0 | B1: =2*Punisher1!B1 -> 0 | C1: =2*Punisher1!C1 -> 0 | D1: =2*Punisher1!D1 -> 0 | E1: =2*Punisher1!E1 -> 0 | F1: =2*Punisher1!F1 -> 0 | G1: =2*Punisher1!G1 -> 0 | H1: =2*Punisher1!H1 -> 0 | ... AD1: =2*Punisher1!AD1 -> 0
A2: =2*Punisher1!A2 -> 0 | B2: =2*Punisher1!B2 -> 0 | C2: =2*Punisher1!C2 -> 0 | D2: =2*Punisher1!D2 -> 0 | E2: =2*Punisher1!E2 -> 0 | F2: =2*Punisher1!F2 -> 0 | G2: =2*Punisher1!G2 -> 0 | H2: =2*Punisher1!H2 -> 0 | ... AD2: =2*Punisher1!AD2 -> 0
A3: =2*Punisher1!A3 -> 0 | B3: =2*Punisher1!B3 -> 0 | C3: =2*Punisher1!C3 -> 0 | D3: =2*Punisher1!D3 -> 0 | E3: =2*Punisher1!E3 -> 0 | F3: =2*Punisher1!F3 -> 0 | G3: =2*Punisher1!G3 -> 0 | H3: =2*Punisher1!H3 -> 2 | ... AD3: =2*Punisher1!AD3 -> 0
A4: =2*Punisher1!A4 -> 0 | B4: =2*Punisher1!B4 -> 0 | C4: =2*Punisher1!C4 -> 0 | D4: =2*Punisher1!D4 -> 0 | E4: =2*Punisher1!E4 -> 0 | F4: =2*Punisher1!F4 -> 2 | G4: =2*Punisher1!G4 -> 2 | H4: =2*Punisher1!H4 -> 0 | ... AD4: =2*Punisher1!AD4 -> 0
A5: =2*Punisher1!A5 -> 0 | B5: =2*Punisher1!B5 -> 0 | C5: =2*Punisher1!C5 -> 0 | D5: =2*Punisher1!D5 -> 0 | E5: =2*Punisher1!E5 -> 2 | F5: =2*Punisher1!F5 -> 0 | G5: =2*Punisher1!G5 -> 0 | H5: =2*Punisher1!H5 -> 0 | ... AD5: =2*Punisher1!AD5 -> 0
A6: =2*Punisher1!A6 -> 0 | B6: =2*Punisher1!B6 -> 0 | C6: =2*Punisher1!C6 -> 0 | D6: =2*Punisher1!D6 -> 2 | E6: =2*Punisher1!E6 -> 0 | F6: =2*Punisher1!F6 -> 0 | G6: =2*Punisher1!G6 -> 0 | H6: =2*Punisher1!H6 -> 0 | ... AD6: =2*Punisher1!AD6 -> 0
A7: =2*Punisher1!A7 -> 0 | B7: =2*Punisher1!B7 -> 0 | C7: =2*Punisher1!C7 -> 2 | D7: =2*Punisher1!D7 -> 0 | E7: =2*Punisher1!E7 -> 0 | F7: =2*Punisher1!F7 -> 0 | G7: =2*Punisher1!G7 -> 0 | H7: =2*Punisher1!H7 -> 0 | ... AD7: =2*Punisher1!AD7 -> 0
A8: =2*Punisher1!A8 -> 0 | B8: =2*Punisher1!B8 -> 2 | C8: =2*Punisher1!C8 -> 0 | D8: =2*Punisher1!D8 -> 0 | E8: =2*Punisher1!E8 -> 0 | F8: =2*Punisher1!F8 -> 0 | G8: =2*Punisher1!G8 -> 0 | H8: =2*Punisher1!H8 -> 0 | ... AD8: =2*Punisher1!AD8 -> 0
A9: =2*Punisher1!A9 -> 0 | B9: =2*Punisher1!B9 -> 2 | C9: =2*Punisher1!C9 -> 0 | D9: =2*Punisher1!D9 -> 0 | E9: =2*Punisher1!E9 -> 0 | F9: =2*Punisher1!F9 -> 0 | G9: =2*Punisher1!G9 -> 0 | H9: =2*Punisher1!H9 -> 0 | ... AD9: =2*Punisher1!AD9 -> 0
A10: =2*Punisher1!A10 -> 0 | B10: =2*Punisher1!B10 -> 2 | C10: =2*Punisher1!C10 -> 0 | D10: =2*Punisher1!D10 -> 0 | E10: =2*Punisher1!E10 -> 0 | F10: =2*Punisher1!F10 -> 0 | G10: =2*Punisher1!G10 -> 0 | H10: =2*Punisher1!H10 -> 0 | ... AD10: =2*Punisher1!AD10 -> 0
A11: =2*Punisher1!A11 -> 0 | B11: =2*Punisher1!B11 -> 2 | C11: =2*Punisher1!C11 -> 0 | D11: =2*Punisher1!D11 -> 0 | E11: =2*Punisher1!E11 -> 0 | F11: =2*Punisher1!F11 -> 0 | G11: =2*Punisher1!G11 -> 0 | H11: =2*Punisher1!H11 -> 0 | ... AD11: =2*Punisher1!AD11 -> 0
A12: =2*Punisher1!A12 -> 0 | B12: =2*Punisher1!B12 -> 2 | C12: =2*Punisher1!C12 -> 0 | D12: =2*Punisher1!D12 -> 0 | E12: =2*Punisher1!E12 -> 0 | F12: =2*Punisher1!F12 -> 0 | G12: =2*Punisher1!G12 -> 0 | H12: =2*Punisher1!H12 -> 0 | ... AD12: =2*Punisher1!AD12 -> 0
... A30: =2*Punisher1!A30 -> 0 | B30: =2*Punisher1!B30 -> 0 | C30: =2*Punisher1!C30 -> 0 | D30: =2*Punisher1!D30 -> 0 | E30: =2*Punisher1!E30 -> 0 | F30: =2*Punisher1!F30 -> 0 | G30: =2*Punisher1!G30 -> 0 | H30: =2*Punisher1!H30 -> 2 | ... AD30: =2*Punisher1!AD30 -> 0

Sheet Combinacion_c1A_c2B
A1: =2*Punisher1!A1+3*Deadpool2!A1 -> 0 | B1: =2*Punisher1!B1+3*Deadpool2!B1 -> 0 | C1: =2*Punisher1!C1+3*Deadpool2!C1 -> 0 | D1: =2*Punisher1!D1+3*Deadpool2!D1 -> 0 | E1: =2*Punisher1!E1+3*Deadpool2!E1 -> 0 | F1: =2*Punisher1!F1+3*Deadpool2!F1 -> 0 | G1: =2*Punisher1!G1+3*Deadpool2!G1 -> 0 | H1: =2*Punisher1!H1+3*Deadpool2!H1 -> 0 | ... AD1: =2*Punisher1!AD1+3*Deadpool2!AD1 -> 0
A2: =2*Punisher1!A2+3*Deadpool2!A2 -> 0 | B2: =2*Punisher1!B2+3*Deadpool2!B2 -> 0 | C2: =2*Punisher1!C2+3*Deadpool2!C2 -> 0 | D2: =2*Punisher1!D2+3*Deadpool2!D2 -> 0 | E2: =2*Punisher1!E2+3*Deadpool2!E2 -> 0 | F2: =2*Punisher1!F2+3*Deadpool2!F2 -> 0 | G2: =2*Punisher1!G2+3*Deadpool2!G2 -> 0 | H2: =2*Punisher1!H2+3*Deadpool2!H2 -> 0 | ... AD2: =2*Punisher1!AD2+3*Deadpool2!AD2 -> 0
A3: =2*Punisher1!A3+3*Deadpool2!A3 -> 0 | B3: =2*Punisher1!B3+3*Deadpool2!B3 -> 0 | C3: =2*Punisher1!C3+3*Deadpool2!C3 -> 0 | D3: =2*Punisher1!D3+3*Deadpool2!D3 -> 0 | E3: =2*Punisher1!E3+3*Deadpool2!E3 -> 0 | F3: =2*Punisher1!F3+3*Deadpool2!F3 -> 0 | G3: =2*Punisher1!G3+3*Deadpool2!G3 -> 0 | H3: =2*Punisher1!H3+3*Deadpool2!H3 -> 2 | ... AD3: =2*Punisher1!AD3+3*Deadpool2!AD3 -> 0
A4: =2*Punisher1!A4+3*Deadpool2!A4 -> 0 | B4: =2*Punisher1!B4+3*Deadpool2!B4 -> 0 | C4: =2*Punisher1!C4+3*Deadpool2!C4 -> 0 | D4: =2*Punisher1!D4+3*Deadpool2!D4 -> 0 | E4: =2*Punisher1!E4+3*Deadpool2!E4 -> 0 | F4: =2*Punisher1!F4+3*Deadpool2!F4 -> 2 | G4: =2*Punisher1!G4+3*Deadpool2!G4 -> 2 | H4: =2*Punisher1!H4+3*Deadpool2!H4 -> 0 | ... AD4: =2*Punisher1!AD4+3*Deadpool2!AD4 -> 0
A5: =2*Punisher1!A5+3*Deadpool2!A5 -> 0 | B5: =2*Punisher1!B5+3*Deadpool2!B5 -> 0 | C5: =2*Punisher1!C5+3*Deadpool2!C5 -> 0 | D5: =2*Punisher1!D5+3*Deadpool2!D5 -> 0 | E5: =2*Punisher1!E5+3*Deadpool2!E5 -> 2 | F5: =2*Punisher1!F5+3*Deadpool2!F5 -> 0 | G5: =2*Punisher1!G5+3*Deadpool2!G5 -> 0 | H5: =2*Punisher1!H5+3*Deadpool2!H5 -> 6 | ... AD5: =2*Punisher1!AD5+3*Deadpool2!AD5 -> 0
A6: =2*Punisher1!A6+3*Deadpool2!A6 -> 0 | B6: =2*Punisher1!B6+3*Deadpool2!B6 -> 0 | C6: =2*Punisher1!C6+3*Deadpool2!C6 -> 0 | D6: =2*Punisher1!D6+3*Deadpool2!D6 -> 2 | E6: =2*Punisher1!E6+3*Deadpool2!E6 -> 0 | F6: =2*Punisher1!F6+3*Deadpool2!F6 -> 6 | G6: =2*Punisher1!G6+3*Deadpool2!G6 -> 6 | H6: =2*Punisher1!H6+3*Deadpool2!H6 -> 6 | ... AD6: =2*Punisher1!AD6+3*Deadpool2!AD6 -> 0
A7: =2*Punisher1!A7+3*Deadpool2!A7 -> 0 | B7: =2*Punisher1!B7+3*Deadpool2!B7 -> 0 | C7: =2*Punisher1!C7+3*Deadpool2!C7 -> 2 | D7: =2*Punisher1!D7+3*Deadpool2!D7 -> 0 | E7: =2*Punisher1!E7+3*Deadpool2!E7 -> 6 | F7: =2*Punisher1!F7+3*Deadpool2!F7 -> 6 | G7: =2*Punisher1!G7+3*Deadpool2!G7 -> 6 | H7: =2*Punisher1!H7+3*Deadpool2!H7 -> 6 | ... AD7: =2*Punisher1!AD7+3*Deadpool2!AD7 -> 0
A8: =2*Punisher1!A8+3*Deadpool2!A8 -> 0 | B8: =2*Punisher1!B8+3*Deadpool2!B8 -> 2 | C8: =2*Punisher1!C8+3*Deadpool2!C8 -> 0 | D8: =2*Punisher1!D8+3*Deadpool2!D8 -> 6 | E8: =2*Punisher1!E8+3*Deadpool2!E8 -> 6 | F8: =2*Punisher1!F8+3*Deadpool2!F8 -> 6 | G8: =2*Punisher1!G8+3*Deadpool2!G8 -> 6 | H8: =2*Punisher1!H8+3*Deadpool2!H8 -> 3 | ... AD8: =2*Punisher1!AD8+3*Deadpool2!AD8 -> 0
A9: =2*Punisher1!A9+3*Deadpool2!A9 -> 0 | B9: =2*Punisher1!B9+3*Deadpool2!B9 -> 2 | C9: =2*Punisher1!C9+3*Deadpool2!C9 -> 6 | D9: =2*Punisher1!D9+3*Deadpool2!D9 -> 6 | E9: =2*Punisher1!E9+3*Deadpool2!E9 -> 6 | F9: =2*Punisher1!F9+3*Deadpool2!F9 -> 3 | G9: =2*Punisher1!G9+3*Deadpool2!G9 -> 3 | H9: =2*Punisher1!H9+3*Deadpool2!H9 -> 3 | ... AD9: =2*Punisher1!AD9+3*Deadpool2!AD9 -> 0
A10: =2*Punisher1!A10+3*Deadpool2!A10 -> 0 | B10: =2*Punisher1!B10+3*Deadpool2!B10 -> 8 | C10: =2*Punisher1!C10+3*Deadpool2!C10 -> 6 | D10: =2*Punisher1!D10+3*Deadpool2!D10 -> 6 | E10: =2*Punisher1!E10+3*Deadpool2!E10 -> 6 | F10: =2*Punisher1!F10+3*Deadpool2!F10 -> 3 | G10: =2*Punisher1!G10+3*Deadpool2!G10 -> 3 | H10: =2*Punisher1!H10+3*Deadpool2!H10 -> 3 | ... AD10: =2*Punisher1!AD10+3*Deadpool2!AD10 -> 0
A11: =2*Punisher1!A11+3*Deadpool2!A11 -> 0 | B11: =2*Punisher1!B11+3*Deadpool2!B11 -> 8 | C11: =2*Punisher1!C11+3*Deadpool2!C11 -> 6 | D11: =2*Punisher1!D11+3*Deadpool2!D11 -> 6 | E11: =2*Punisher1!E11+3*Deadpool2!E11 -> 3 | F11: =2*Punisher1!F11+3*Deadpool2!F11 -> 3 | G11: =2*Punisher1!G11+3*Deadpool2!G11 -> 3 | H11: =2*Punisher1!H11+3*Deadpool2!H11 -> 3 | ... AD11: =2*Punisher1!AD11+3*Deadpool2!AD11 -> 0
A12: =2*Punisher1!A12+3*Deadpool2!A12 -> 0 | B12: =2*Punisher1!B12+3*Deadpool2!B12 -> 8 | C12: =2*Punisher1!C12+3*Deadpool2!C12 -> 6 | D12: =2*Punisher1!D12+3*Deadpool2!D12 -> 6 | E12: =2*Punisher1!E12+3*Deadpool2!E12 -> 3 | F12: =2*Punisher1!F12+3*Deadpool2!F12 -> 3 | G12: =2*Punisher1!G12+3*Deadpool2!G12 -> 3 | H12: =2*Punisher1!H12+3*Deadpool2!H12 -> 3 | ... AD12: =2*Punisher1!AD12+3*Deadpool2!AD12 -> 0
... A19: =2*Punisher1!A19+3*Deadpool2!A19 -> 0 | B19: =2*Punisher1!B19+3*Deadpool2!B19 -> 6 | C19: =2*Punisher1!C19+3*Deadpool2!C19 -> 6 | D19: =2*Punisher1!D19+3*Deadpool2!D19 -> 8 | E19: =2*Punisher1!E19+3*Deadpool2!E19 -> 3 | F19: =2*Punisher1!F19+3*Deadpool2!F19 -> 3 | G19: =2*Punisher1!G19+3*Deadpool2!G19 -> 0 | H19: =2*Punisher1!H19+3*Deadpool2!H19 -> 0 | ... AD19: =2*Punisher1!AD19+3*Deadpool2!AD19 -> 0
A20: =2*Punisher1!A20+3*Deadpool2!A20 -> 0 | B20: =2*Punisher1!B20+3*Deadpool2!B20 -> 6 | C20: =2*Punisher1!C20+3*Deadpool2!C20 -> 8 | D20: =2*Punisher1!D20+3*Deadpool2!D20 -> 6 | E20: =2*Punisher1!E20+3*Deadpool2!E20 -> 3 | F20: =2*Punisher1!F20+3*Deadpool2!F20 -> 5 | G20: =2*Punisher1!G20+3*Deadpool2!G20 -> 5 | H20: =2*Punisher1!H20+3*Deadpool2!H20 -> 2 | ... Q20: =2*Punisher1!Q20+3*Deadpool2!Q20 -> 5 | S20: =2*Punisher1!S20+3*Deadpool2!S20 -> 2 | T20: =2*Punisher1!T20+3*Deadpool2!T20 -> 2 | U20: =2*Punisher1!U20+3*Deadpool2!U20 -> 0 | V20: =2*Punisher1!V20+3*Deadpool2!V20 -> 0 | W20: =2*Punisher1!W20+3*Deadpool2!W20 -> 5 | X20: =2*Punisher1!X20+3*Deadpool2!X20 -> 3 | Y20: =2*Punisher1!Y20+3*Deadpool2!Y20 -> 3 | Z20: =2*Punisher1!Z20+3*Deadpool2!Z20 -> 6 | ... AD20: =2*Punisher1!AD20+3*Deadpool2!AD20 -> 0
A21: =2*Punisher1!A21+3*Deadpool2!A21 -> 0 | B21: =2*Punisher1!B21+3*Deadpool2!B21 -> 0 | C21: =2*Punisher1!C21+3*Deadpool2!C21 -> 8 | D21: =2*Punisher1!D21+3*Deadpool2!D21 -> 6 | E21: =2*Punisher1!E21+3*Deadpool2!E21 -> 6 | F21: =2*Punisher1!F21+3*Deadpool2!F21 -> 5 | G21: =2*Punisher1!G21+3*Deadpool2!G21 -> 5 | H21: =2*Punisher1!H21+3*Deadpool2!H21 -> 5 | ... AD21: =2*Punisher1!AD21+3*Deadpool2!AD21 -> 0
A22: =2*Punisher1!A22+3*Deadpool2!A22 -> 0 | B22: =2*Punisher1!B22+3*Deadpool2!B22 -> 0 | C22: =2*Punisher1!C22+3*Deadpool2!C22 -> 0 | D22: =2*Punisher1!D22+3*Deadpool2!D22 -> 6 | E22: =2*Punisher1!E22+3*Deadpool2!E22 -> 6 | F22: =2*Punisher1!F22+3*Deadpool2!F22 -> 3 | G22: =2*Punisher1!G22+3*Deadpool2!G22 -> 3 | H22: =2*Punisher1!H22+3*Deadpool2!H22 -> 5 | ... AD22: =2*Punisher1!AD22+3*Deadpool2!AD22 -> 0
A23: =2*Punisher1!A23+3*Deadpool2!A23 -> 0 | B23: =2*Punisher1!B23+3*Deadpool2!B23 -> 0 | C23: =2*Punisher1!C23+3*Deadpool2!C23 -> 0 | D23: =2*Punisher1!D23+3*Deadpool2!D23 -> 0 | E23: =2*Punisher1!E23+3*Deadpool2!E23 -> 6 | F23: =2*Punisher1!F23+3*Deadpool2!F23 -> 6 | G23: =2*Punisher1!G23+3*Deadpool2!G23 -> 6 | H23: =2*Punisher1!H23+3*Deadpool2!H23 -> 5 | ... AD23: =2*Punisher1!AD23+3*Deadpool2!AD23 -> 0
A24: =2*Punisher1!A24+3*Deadpool2!A24 -> 0 | B24: =2*Punisher1!B24+3*Deadpool2!B24 -> 0 | C24: =2*Punisher1!C24+3*Deadpool2!C24 -> 0 | D24: =2*Punisher1!D24+3*Deadpool2!D24 -> 0 | E24: =2*Punisher1!E24+3*Deadpool2!E24 -> 0 | F24: =2*Punisher1!F24+3*Deadpool2!F24 -> 6 | G24: =2*Punisher1!G24+3*Deadpool2!G24 -> 6 | H24: =2*Punisher1!H24+3*Deadpool2!H24 -> 8 | ... AD24: =2*Punisher1!AD24+3*Deadpool2!AD24 -> 0
A25: =2*Punisher1!A25+3*Deadpool2!A25 -> 0 | B25: =2*Punisher1!B25+3*Deadpool2!B25 -> 0 | C25: =2*Punisher1!C25+3*Deadpool2!C25 -> 0 | D25: =2*Punisher1!D25+3*Deadpool2!D25 -> 0 | E25: =2*Punisher1!E25+3*Deadpool2!E25 -> 0 | F25: =2*Punisher1!F25+3*Deadpool2!F25 -> 0 | G25: =2*Punisher1!G25+3*Deadpool2!G25 -> 6 | H25: =2*Punisher1!H25+3*Deadpool2!H25 -> 8 | ... AD25: =2*Punisher1!AD25+3*Deadpool2!AD25 -> 0
A26: =2*Punisher1!A26+3*Deadpool2!A26 -> 0 | B26: =2*Punisher1!B26+3*Deadpool2!B26 -> 0 | C26: =2*Punisher1!C26+3*Deadpool2!C26 -> 0 | D26: =2*Punisher1!D26+3*Deadpool2!D26 -> 0 | E26: =2*Punisher1!E26+3*Deadpool2!E26 -> 0 | F26: =2*Punisher1!F26+3*Deadpool2!F26 -> 0 | G26: =2*Punisher1!G26+3*Deadpool2!G26 -> 6 | H26: =2*Punisher1!H26+3*Deadpool2!H26 -> 8 | ... AD26: =2*Punisher1!AD26+3*Deadpool2!AD26 -> 0
A27: =2*Punisher1!A27+3*Deadpool2!A27 -> 0 | B27: =2*Punisher1!B27+3*Deadpool2!B27 -> 0 | C27: =2*Punisher1!C27+3*Deadpool2!C27 -> 0 | D27: =2*Punisher1!D27+3*Deadpool2!D27 -> 0 | E27: =2*Punisher1!E27+3*Deadpool2!E27 -> 0 | F27: =2*Punisher1!F27+3*Deadpool2!F27 -> 0 | G27: =2*Punisher1!G27+3*Deadpool2!G27 -> 0 | H27: =2*Punisher1!H27+3*Deadpool2!H27 -> 2 | ... AD27: =2*Punisher1!AD27+3*Deadpool2!AD27 -> 0
A28: =2*Punisher1!A28+3*Deadpool2!A28 -> 0 | B28: =2*Punisher1!B28+3*Deadpool2!B28 -> 0 | C28: =2*Punisher1!C28+3*Deadpool2!C28 -> 0 | D28: =2*Punisher1!D28+3*Deadpool2!D28 -> 0 | E28: =2*Punisher1!E28+3*Deadpool2!E28 -> 0 | F28: =2*Punisher1!F28+3*Deadpool2!F28 -> 0 | G28: =2*Punisher1!G28+3*Deadpool2!G28 -> 0 | H28: =2*Punisher1!H28+3*Deadpool2!H28 -> 2 | ... AD28: =2*Punisher1!AD28+3*Deadpool2!AD28 -> 0
A29: =2*Punisher1!A29+3*Deadpool2!A29 -> 0 | B29: =2*Punisher1!B29+3*Deadpool2!B29 -> 0 | C29: =2*Punisher1!C29+3*Deadpool2!C29 -> 0 | D29: =2*Punisher1!D29+3*Deadpool2!D29 -> 0 | E29: =2*Punisher1!E29+3*Deadpool2!E29 -> 0 | F29: =2*Punisher1!F29+3*Deadpool2!F29 -> 0 | G29: =2*Punisher1!G29+3*Deadpool2!G29 -> 0 | H29: =2*Punisher1!H29+3*Deadpool2!H29 -> 2 | ... AD29: =2*Punisher1!AD29+3*Deadpool2!AD29 -> 0
A30: =2*Punisher1!A30+3*Deadpool2!A30 -> 0 | B30: =2*Punisher1!B30+3*Deadpool2!B30 -> 0 | C30: =2*Punisher1!C30+3*Deadpool2!C30 -> 0 | D30: =2*Punisher1!D30+3*Deadpool2!D30 -> 0 | E30: =2*Punisher1!E30+3*Deadpool2!E30 -> 0 | F30: =2*Punisher1!F30+3*Deadpool2!F30 -> 0 | G30: =2*Punisher1!G30+3*Deadpool2!G30 -> 0 | H30: =2*Punisher1!H30+3*Deadpool2!H30 -> 2 | ... AD30: =2*Punisher1!AD30+3*Deadpool2!AD30 -> 0

Sheet Deadpool2
A1: 0 | B1: 0 | C1: 0 | D1: 0 | E1: 0 | F1: 0 | G1: 0 | H1: 0 | I1: 0 | J1: 0 | K1: 0 | L1: 0 | M1: 0 | N1: 0 | O1: 0 | P1: 0 | Q1: 0 | R1: 0 | S1: 0 | T1: 0 | U1: 0 | V1: 0 | W1: 0 | X1: 0 | Y1: 0 | Z1: 0 | AA1: 0 | AB1: 0 | AC1: 0 | AD1: 0
A2: 0 | B2: 0 | C2: 0 | D2: 0 | E2: 0 | F2: 0 | G2: 0 | H2: 0 | I2: 0 | J2: 0 | K2: 2 | L2: 2 | M2: 2 | N2: 2 | O2: 2 | P2: 2 | Q2: 2 | R2: 2 | S2: 2 | T2: 2 | U2: 0 | V2: 0 | W2: 0 | X2: 0 | Y2: 0 | Z2: 0 | AA2: 0 | AB2: 0 | AC2: 0 | AD2: 0
A3: 0 | B3: 0 | C3: 0 | D3: 0 | E3: 0 | F3: 0 | G3: 0 | H3: 0 | I3: 0 | J3: 2 | K3: 2 | L3: 2 | M3: 2 | N3: 2 | O3: 2 | P3: 2 | Q3: 2 | R3: 2 | S3: 2 | T3: 2 | U3: 2 | V3: 0 | W3: 0 | X3: 0 | Y3: 0 | Z3: 0 | AA3: 0 | AB3: 0 | AC3: 0 | AD3: 0
A4: 0 | B4: 0 | C4: 0 | D4: 0 | E4: 0 | F4: 0 | G4: 0 | H4: 0 | I4: 2 | J4: 2 | K4: 2 | L4: 2 | M4: 2 | N4: 2 | O4: 2 | P4: 2 | Q4: 2 | R4: 2 | S4: 2 | T4: 2 | U4: 2 | V4: 2 | W4: 0 | X4: 0 | Y4: 0 | Z4: 0 | AA4: 0 | AB4: 0 | AC4: 0 | AD4: 0
A5: 0 | B5: 0 | C5: 0 | D5: 0 | E5: 0 | F5: 0 | G5: 0 | H5: 2 | I5: 2 | J5: 2 | K5: 2 | L5: 2 | M5: 2 | N5: 2 | O5: 2 | P5: 2 | Q5: 2 | R5: 2 | S5: 2 | T5: 2 | U5: 2 | V5: 2 | W5: 2 | X5: 0 | Y5: 0 | Z5: 0 | AA5: 0 | AB5: 0 | AC5: 0 | AD5: 0
A6: 0 | B6: 0 | C6: 0 | D6: 0 | E6: 0 | F6: 2 | G6: 2 | H6: 2 | I6: 2 | J6: 2 | K6: 2 | L6: 1 | M6: 1 | N6: 2 | O6: 2 | P6: 2 | Q6: 1 | R6: 1 | S6: 2 | T6: 2 | U6: 2 | V6: 2 | W6: 2 | X6: 2 | Y6: 0 | Z6: 0 | AA6: 0 | AB6: 0 | AC6: 0 | AD6: 0
A7: 0 | B7: 0 | C7: 0 | D7: 0 | E7: 2 | F7: 2 | G7: 2 | H7: 2 | I7: 2 | J7: 1 | K7: 1 | L7: 1 | M7: 1 | N7: 2 | O7: 2 | P7: 2 | Q7: 1 | R7: 1 | S7: 1 | T7: 1 | U7: 2 | V7: 2 | W7: 2 | X7: 2 | Y7: 2 | Z7: 0 | AA7: 0 | AB7: 0 | AC7: 0 | AD7: 0
A8: 0 | B8: 0 | C8: 0 | D8: 2 | E8: 2 | F8: 2 | G8: 2 | H8: 1 | I8: 1 | J8: 1 | K8: 1 | L8: 1 | M8: 1 | N8: 2 | O8: 2 | P8: 2 | Q8: 1 | R8: 1 | S8: 1 | T8: 1 | U8: 1 | V8: 1 | W8: 2 | X8: 2 | Y8: 2 | Z8: 2 | AA8: 0 | AB8: 0 | AC8: 0 | AD8: 0
A9: 0 | B9: 0 | C9: 2 | D9: 2 | E9: 2 | F9: 1 | G9: 1 | H9: 1 | I9: 1 | J9: 1 | K9: 1 | L9: 1 | M9: 1 | N9: 2 | O9: 2 | P9: 2 | Q9: 1 | R9: 1 | S9: 1 | T9: 1 | U9: 1 | V9: 1 | W9: 1 | X9: 1 | Y9: 2 | Z9: 2 | AA9: 2 | AB9: 0 | AC9: 0 | AD9: 0
A10: 0 | B10: 2 | C10: 2 | D10: 2 | E10: 2 | F10: 1 | G10: 1 | H10: 1 | I10: 1 | J10: 1 | K10: 1 | L10: 1 | M10: 1 | N10: 2 | O10: 2 | P10: 2 | Q10: 1 | R10: 1 | S10: 1 | T10: 1 | U10: 1 | V10: 1 | W10: 1 | X10: 1 | Y10: 2 | Z10: 2 | AA10: 2 | AB10: 2 | AC10: 0 | AD10: 0
A11: 0 | B11: 2 | C11: 2 | D11: 2 | E11: 1 | F11: 1 | G11: 1 | H11: 1 | I11: 1 | J11: 1 | K11: 1 | L11: 1 | M11: 1 | N11: 2 | O11: 2 | P11: 2 | Q11: 1 | R11: 1 | S11: 1 | T11: 1 | U11: 1 | V11: 1 | W11: 1 | X11: 1 | Y11: 1 | Z11: 2 | AA11: 2 | AB11: 2 | AC11: 0 | AD11: 0
A12: 0 | B12: 2 | C12: 2 | D12: 2 | E12: 1 | F12: 1 | G12: 1 | H12: 1 | I12: 1 | J12: 1 | K12: 1 | L12: 1 | M12: 1 | N12: 2 | O12: 2 | P12: 2 | Q12: 1 | R12: 1 | S12: 1 | T12: 1 | U12: 1 | V12: 1 | W12: 1 | X12: 1 | Y12: 1 | Z12: 2 | AA12: 2 | AB12: 2 | AC12: 0 | AD12: 0
... A19: 0 | B19: 2 | C19: 2 | D19: 2 | E19: 1 | F19: 1 | G19: 0 | H19: 0 | I19: 0 | J19: 0 | K19: 0 | L19: 1 | M19: 1 | N19: 2 | O19: 2 | P19: 2 | Q19: 1 | R19: 1 | S19: 0 | T19: 0 | U19: 0 | V19: 0 | W19: 0 | X19: 1 | Y19: 1 | Z19: 2 | AA19: 2 | AB19: 2 | AC19: 0 | AD19: 0
A20: 0 | B20: 2 | C20: 2 | D20: 2 | E20: 1 | F20: 1 | G20: 1 | H20: 0 | I20: 0 | J20: 0 | K20: 0 | L20: 0 | M20: 1 | N20: 2 | O20: 2 | P20: 2 | Q20: 1 | S20: 0 | T20: 0 | U20: 0 | V20: 0 | W20: 1 | X20: 1 | Y20: 1 | Z20: 2 | AA20: 2 | AB20: 2 | AC20: 0 | AD20: 0
A21: 0 | B21: 0 | C21: 2 | D21: 2 | E21: 2 | F21: 1 | G21: 1 | H21: 1 | I21: 0 | J21: 0 | K21: 0 | L21: 1 | M21: 1 | N21: 2 | O21: 2 | P21: 2 | Q21: 1 | R21: 1 | S21: 0 | T21: 0 | U21: 0 | V21: 1 | W21: 1 | X21: 1 | Y21: 2 | Z21: 2 | AA21: 2 | AB21: 0 | AC21: 0 | AD21: 0
A22: 0 | B22: 0 | C22: 0 | D22: 2 | E22: 2 | F22: 1 | G22: 1 | H22: 1 | I22: 1 | J22: 1 | K22: 1 | L22: 1 | M22: 1 | N22: 2 | O22: 2 | P22: 2 | Q22: 1 | R22: 1 | S22: 1 | T22: 1 | U22: 1 | V22: 1 | W22: 1 | X22: 1 | Y22: 2 | Z22: 2 | AA22: 0 | AB22: 0 | AC22: 0 | AD22: 0
A23: 0 | B23: 0 | C23: 0 | D23: 0 | E23: 2 | F23: 2 | G23: 2 | H23: 1 | I23: 1 | J23: 1 | K23: 1 | L23: 1 | M23: 1 | N23: 2 | O23: 2 | P23: 2 | Q23: 1 | R23: 1 | S23: 1 | T23: 1 | U23: 1 | V23: 1 | W23: 2 | X23: 2 | Y23: 2 | Z23: 0 | AA23: 0 | AB23: 0 | AC23: 0 | AD23: 0
A24: 0 | B24: 0 | C24: 0 | D24: 0 | E24: 0 | F24: 2 | G24: 2 | H24: 2 | I24: 2 | J24: 1 | K24: 1 | L24: 1 | M24: 1 | N24: 2 | O24: 2 | P24: 2 | Q24: 1 | R24: 1 | S24: 1 | T24: 1 | U24: 2 | V24: 2 | W24: 2 | X24: 2 | Y24: 0 | Z24: 0 | AA24: 0 | AB24: 0 | AC24: 0 | AD24: 0
A25: 0 | B25: 0 | C25: 0 | D25: 0 | E25: 0 | F25: 0 | G25: 2 | H25: 2 | I25: 2 | J25: 2 | K25: 2 | L25: 1 | M25: 1 | N25: 2 | O25: 2 | P25: 2 | Q25: 1 | R25: 1 | S25: 2 | T25: 2 | U25: 2 | V25: 2 | W25: 2 | X25: 0 | Y25: 0 | Z25: 0 | AA25: 0 | AB25: 0 | AC25: 0 | AD25: 0
A26: 0 | B26: 0 | C26: 0 | D26: 0 | E26: 0 | F26: 0 | G26: 2 | H26: 2 | I26: 2 | J26: 2 | K26: 2 | L26: 2 | M26: 2 | N26: 2 | O26: 2 | P26: 2 | Q26: 2 | R26: 2 | S26: 2 | T26: 2 | U26: 2 | V26: 2 | W26: 2 | X26: 0 | Y26: 0 | Z26: 0 | AA26: 0 | AB26: 0 | AC26: 0 | AD26: 0
A27: 0 | B27: 0 | C27: 0 | D27: 0 | E27: 0 | F27: 0 | G27: 0 | H27: 0 | I27: 2 | J27: 2 | K27: 2 | L27: 2 | M27: 2 | N27: 2 | O27: 2 | P27: 2 | Q27: 2 | R27: 2 | S27: 2 | T27: 2 | U27: 2 | V27: 2 | W27: 0 | X27: 0 | Y27: 0 | Z27: 0 | AA27: 0 | AB27: 0 | AC27: 0 | AD27: 0 | AG27: 0 | AH27: blanco
A28: 0 | B28: 0 | C28: 0 | D28: 0 | E28: 0 | F28: 0 | G28: 0 | H28: 0 | I28: 0 | J28: 2 | K28: 2 | L28: 2 | M28: 2 | N28: 2 | O28: 2 | P28: 2 | Q28: 2 | R28: 2 | S28: 2 | T28: 2 | U28: 2 | V28: 0 | W28: 0 | X28: 0 | Y28: 0 | Z28: 0 | AA28: 0 | AB28: 0 | AC28: 0 | AD28: 0 | AG28: 1 | AH28: negro
A29: 0 | B29: 0 | C29: 0 | D29: 0 | E29: 0 | F29: 0 | G29: 0 | H29: 0 | I29: 0 | J29: 0 | K29: 2 | L29: 2 | M29: 2 | N29: 2 | O29: 2 | P29: 2 | Q29: 2 | R29: 2 | S29: 2 | T29: 2 | U29: 0 | V29: 0 | W29: 0 | X29: 0 | Y29: 0 | Z29: 0 | AA29: 0 | AB29: 0 | AC29: 0 | AD29: 0 | AG29: 2 | AH29: rojo
A30: 0 | B30: 0 | C30: 0 | D30: 0 | E30: 0 | F30: 0 | G30: 0 | H30: 0 | I30: 0 | J30: 0 | K30: 0 | L30: 0 | M30: 0 | N30: 0 | O30: 0 | P30: 0 | Q30: 0 | R30: 0 | S30: 0 | T30: 0 | U30: 0 | V30: 0 | W30: 0 | X30: 0 | Y30: 0 | Z30: 0 | AA30: 0 | AB30: 0 | AC30: 0 | AD30: 0 | AG30: 3 | AH30: verde
AG31: 4 | AH31: gris

Sheet Deadpool2_T
A1: =Deadpool2!A1 -> 0 | B1: =Deadpool2!A2 -> 0 | C1: =Deadpool2!A3 -> 0 | D1: =Deadpool2!A4 -> 0 | E1: =Deadpool2!A5 -> 0 | F1: =Deadpool2!A6 -> 0 | G1: =Deadpool2!A7 -> 0 | H1: =Deadpool2!A8 -> 0 | I1: =Deadpool2!A9 -> 0 | J1: =Deadpool2!A10 -> 0 | K1: =Deadpool2!A11 -> 0 | L1: =Deadpool2!A12 -> 0 | M1: =Deadpool2!A13 -> 0 | N1: =Deadpool2!A14 -> 0 | O1: =Deadpool2!A15 -> 0 | P1: =Deadpool2!A16 -> 0 | Q1: =Deadpool2!A17 -> 0 | R1: =Deadpool2!A18 -> 0 | S1: =Deadpool2!A19 -> 0 | T1: =Deadpool2!A20 -> 0 | U1: =Deadpool2!A21 -> 0 | V1: =Deadpool2!A22 -> 0 | W1: =Deadpool2!A23 -> 0 | X1: =Deadpool2!A24 -> 0 | Y1: =Deadpool2!A25 -> 0 | Z1: =Deadpool2!A26 -> 0 | AA1: =Deadpool2!A27 -> 0 | AB1: =Deadpool2!A28 -> 0 | AC1: =Deadpool2!A29 -> 0 | AD1: =Deadpool2!A30 -> 0
A2: =Deadpool2!B1 -> 0 | B2: =Deadpool2!B2 -> 0 | C2: =Deadpool2!B3 -> 0 | D2: =Deadpool2!B4 -> 0 | E2: =Deadpool2!B5 -> 0 | F2: =Deadpool2!B6 -> 0 | G2: =Deadpool2!B7 -> 0 | H2: =Deadpool2!B8 -> 0 | I2: =Deadpool2!B9 -> 0 | J2: =Deadpool2!B10 -> 2 | K2: =Deadpool2!B11 -> 2 | L2: =Deadpool2!B12 -> 2 | M2: =Deadpool2!B13 -> 2 | N2: =Deadpool2!B14 -> 2 | O2: =Deadpool2!B15 -> 2 | P2: =Deadpool2!B16 -> 2 | Q2: =Deadpool2!B17 -> 2 | R2: =Deadpool2!B18 -> 2 | S2: =Deadpool2!B19 -> 2 | T2: =Deadpool2!B20 -> 2 | U2: =Deadpool2!B21 -> 0 | V2: =Deadpool2!B22 -> 0 | W2: =Deadpool2!B23 -> 0 | X2: =Deadpool2!B24 -> 0 | Y2: =Deadpool2!B25 -> 0 | Z2: =Deadpool2!B26 -> 0 | AA2: =Deadpool2!B27 -> 0 | AB2: =Deadpool2!B28 -> 0 | AC2: =Deadpool2!B29 -> 0 | AD2: =Deadpool2!B30 -> 0
A3: =Deadpool2!C1 -> 0 | B3: =Deadpool2!C2 -> 0 | C3: =Deadpool2!C3 -> 0 | D3: =Deadpool2!C4 -> 0 | E3: =Deadpool2!C5 -> 0 | F3: =Deadpool2!C6 -> 0 | G3: =Deadpool2!C7 -> 0 | H3: =Deadpool2!C8 -> 0 | I3: =Deadpool2!C9 -> 2 | J3: =Deadpool2!C10 -> 2 | K3: =Deadpool2!C11 -> 2 | L3: =Deadpool2!C12 -> 2 | M3: =Deadpool2!C13 -> 2 | N3: =Deadpool2!C14 -> 2 | O3: =Deadpool2!C15 -> 2 | P3: =Deadpool2!C16 -> 2 | Q3: =Deadpool2!C17 -> 2 | R3: =Deadpool2!C18 -> 2 | S3: =Deadpool2!C19 -> 2 | T3: =Deadpool2!C20 -> 2 | U3: =Deadpool2!C21 -> 2 | V3: =Deadpool2!C22 -> 0 | W3: =Deadpool2!C23 -> 0 | X3: =Deadpool2!C24 -> 0 | Y3: =Deadpool2!C25 -> 0 | Z3: =Deadpool2!C26 -> 0 | AA3: =Deadpool2!C27 -> 0 | AB3: =Deadpool2!C28 -> 0 | AC3: =Deadpool2!C29 -> 0 | AD3: =Deadpool2!C30 -> 0
A4: =Deadpool2!D1 -> 0 | B4: =Deadpool2!D2 -> 0 | C4: =Deadpool2!D3 -> 0 | D4: =Deadpool2!D4 -> 0 | E4: =Deadpool2!D5 -> 0 | F4: =Deadpool2!D6 -> 0 | G4: =Deadpool2!D7 -> 0 | H4: =Deadpool2!D8 -> 2 | I4: =Deadpool2!D9 -> 2 | J4: =Deadpool2!D10 -> 2 | K4: =Deadpool2!D11 -> 2 | L4: =Deadpool2!D12 -> 2 | M4: =Deadpool2!D13 -> 2 | N4: =Deadpool2!D14 -> 2 | O4: =Deadpool2!D15 -> 2 | P4: =Deadpool2!D16 -> 2 | Q4: =Deadpool2!D17 -> 2 | R4: =Deadpool2!D18 -> 2 | S4: =Deadpool2!D19 -> 2 | T4: =Deadpool2!D20 -> 2 | U4: =Deadpool2!D21 -> 2 | V4: =Deadpool2!D22 -> 2 | W4: =Deadpool2!D23 -> 0 | X4: =Deadpool2!D24 -> 0 | Y4: =Deadpool2!D25 -> 0 | Z4: =Deadpool2!D26 -> 0 | AA4: =Deadpool2!D27 -> 0 | AB4: =Deadpool2!D28 -> 0 | AC4: =Deadpool2!D29 -> 0 | AD4: =Deadpool2!D30 -> 0
A5: =Deadpool2!E1 -> 0 | B5: =Deadpool2!E2 -> 0 | C5: =Deadpool2!E3 -> 0 | D5: =Deadpool2!E4 -> 0 | E5: =Deadpool2!E5 -> 0 | F5: =Deadpool2!E6 -> 0 | G5: =Deadpool2!E7 -> 2 | H5: =Deadpool2!E8 -> 2 | I5: =Deadpool2!E9 -> 2 | J5: =Deadpool2!E10 -> 2 | K5: =Deadpool2!E11 -> 1 | L5: =Deadpool2!E12 -> 1 | M5: =Deadpool2!E13 -> 1 | N5: =Deadpool2!E14 -> 1 | O5: =Deadpool2!E15 -> 1 | P5: =Deadpool2!E16 -> 1 | Q5: =Deadpool2!E17 -> 1 | R5: =Deadpool2!E18 -> 1 | S5: =Deadpool2!E19 -> 1 | T5: =Deadpool2!E20 -> 1 | U5: =Deadpool2!E21 -> 2 | V5: =Deadpool2!E22 -> 2 | W5: =Deadpool2!E23 -> 2 | X5: =Deadpool2!E24 -> 0 | Y5: =Deadpool2!E25 -> 0 | Z5: =Deadpool2!E26 -> 0 | AA5: =Deadpool2!E27 -> 0 | AB5: =Deadpool2!E28 -> 0 | AC5: =Deadpool2!E29 -> 0 | AD5: =Deadpool2!E30 -> 0
A6: =Deadpool2!F1 -> 0 | B6: =Deadpool2!F2 -> 0 | C6: =Deadpool2!F3 -> 0 | D6: =Deadpool2!F4 -> 0 | E6: =Deadpool2!F5 -> 0 | F6: =Deadpool2!F6 -> 2 | G6: =Deadpool2!F7 -> 2 | H6: =Deadpool2!F8 -> 2 | I6: =Deadpool2!F9 -> 1 | J6: =Deadpool2!F10 -> 1 | K6: =Deadpool2!F11 -> 1 | L6: =Deadpool2!F12 -> 1 | M6: =Deadpool2!F13 -> 1 | N6: =Deadpool2!F14 -> 1 | O6: =Deadpool2!F15 -> 0 | P6: =Deadpool2!F16 -> 0 | Q6: =Deadpool2!F17 -> 0 | R6: =Deadpool2!F18 -> 0 | S6: =Deadpool2!F19 -> 1 | T6: =Deadpool2!F20 -> 1 | U6: =Deadpool2!F21 -> 1 | V6: =Deadpool2!F22 -> 1 | W6: =Deadpool2!F23 -> 2 | X6: =Deadpool2!F24 -> 2 | Y6: =Deadpool2!F25 -> 0 | Z6: =Deadpool2!F26 -> 0 | AA6: =Deadpool2!F27 -> 0 | AB6: =Deadpool2!F28 -> 0 | AC6: =Deadpool2!F29 -> 0 | AD6: =Deadpool2!F30 -> 0
A7: =Deadpool2!G1 -> 0 | B7: =Deadpool2!G2 -> 0 | C7: =Deadpool2!G3 -> 0 | D7: =Deadpool2!G4 -> 0 | E7: =Deadpool2!G5 -> 0 | F7: =Deadpool2!G6 -> 2 | G7: =Deadpool2!G7 -> 2 | H7: =Deadpool2!G8 -> 2 | I7: =Deadpool2!G9 -> 1 | J7: =Deadpool2!G10 -> 1 | K7: =Deadpool2!G11 -> 1 | L7: =Deadpool2!G12 -> 1 | M7: =Deadpool2!G13 -> 1 | N7: =Deadpool2!G14 -> 1 | O7: =Deadpool2!G15 -> 1 | P7: =Deadpool2!G16 -> 0 | Q7: =Deadpool2!G17 -> 0 | R7: =Deadpool2!G18 -> 0 | S7: =Deadpool2!G19 -> 0 | T7: =Deadpool2!G20 -> 1 | U7: =Deadpool2!G21 -> 1 | V7: =Deadpool2!G22 -> 1 | W7: =Deadpool2!G23 -> 2 | X7: =Deadpool2!G24 -> 2 | Y7: =Deadpool2!G25 -> 2 | Z7: =Deadpool2!G26 -> 2 | AA7: =Deadpool2!G27 -> 0 | AB7: =Deadpool2!G28 -> 0 | AC7: =Deadpool2!G29 -> 0 | AD7: =Deadpool2!G30 -> 0
A8: =Deadpool2!H1 -> 0 | B8: =Deadpool2!H2 -> 0 | C8: =Deadpool2!H3 -> 0 | D8: =Deadpool2!H4 -> 0 | E8: =Deadpool2!H5 -> 2 | F8: =Deadpool2!H6 -> 2 | G8: =Deadpool2!H7 -> 2 | H8: =Deadpool2!H8 -> 1 | I8: =Deadpool2!H9 -> 1 | J8: =Deadpool2!H10 -> 1 | K8: =Deadpool2!H11 -> 1 | L8: =Deadpool2!H12 -> 1 | M8: =Deadpool2!H13 -> 1 | N8: =Deadpool2!H14 -> 1 | O8: =Deadpool2!H15 -> 1 | P8: =Deadpool2!H16 -> 1 | Q8: =Deadpool2!H17 -> 0 | R8: =Deadpool2!H18 -> 0 | S8: =Deadpool2!H19 -> 0 | T8: =Deadpool2!H20 -> 0 | U8: =Deadpool2!H21 -> 1 | V8: =Deadpool2!H22 -> 1 | W8: =Deadpool2!H23 -> 1 | X8: =Deadpool2!H24 -> 2 | Y8: =Deadpool2!H25 -> 2 | Z8: =Deadpool2!H26 -> 2 | AA8: =Deadpool2!H27 -> 0 | AB8: =Deadpool2!H28 -> 0 | AC8: =Deadpool2!H29 -> 0 | AD8: =Deadpool2!H30 -> 0
A9: =Deadpool2!I1 -> 0 | B9: =Deadpool2!I2 -> 0 | C9: =Deadpool2!I3 -> 0 | D9: =Deadpool2!I4 -> 2 | E9: =Deadpool2!I5 -> 2 | F9: =Deadpool2!I6 -> 2 | G9: =Deadpool2!I7 -> 2 | H9: =Deadpool2!I8 -> 1 | I9: =Deadpool2!I9 -> 1 | J9: =Deadpool2!I10 -> 1 | K9: =Deadpool2!I11 -> 1 | L9: =Deadpool2!I12 -> 1 | M9: =Deadpool2!I13 -> 1 | N9: =Deadpool2!I14 -> 1 | O9: =Deadpool2!I15 -> 1 | P9: =Deadpool2!I16 -> 1 | Q9: =Deadpool2!I17 -> 1 | R9: =Deadpool2!I18 -> 0 | S9: =Deadpool2!I19 -> 0 | T9: =Deadpool2!I20 -> 0 | U9: =Deadpool2!I21 -> 0 | V9: =Deadpool2!I22 -> 1 | W9: =Deadpool2!I23 -> 1 | X9: =Deadpool2!I24 -> 2 | Y9: =Deadpool2!I25 -> 2 | Z9: =Deadpool2!I26 -> 2 | AA9: =Deadpool2!I27 -> 2 | AB9: =Deadpool2!I28 -> 0 | AC9: =Deadpool2!I29 -> 0 | AD9: =Deadpool2!I30 -> 0
A10: =Deadpool2!J1 -> 0 | B10: =Deadpool2!J2 -> 0 | C10: =Deadpool2!J3 -> 2 | D10: =Deadpool2!J4 -> 2 | E10: =Deadpool2!J5 -> 2 | F10: =Deadpool2!J6 -> 2 | G10: =Deadpool2!J7 -> 1 | H10: =Deadpool2!J8 -> 1 | I10: =Deadpool2!J9 -> 1 | J10: =Deadpool2!J10 -> 1 | K10: =Deadpool2!J11 -> 1 | L10: =Deadpool2!J12 -> 1 | M10: =Deadpool2!J13 -> 1 | N10: =Deadpool2!J14 -> 1 | O10: =Deadpool2!J15 -> 1 | P10: =Deadpool2!J16 -> 1 | Q10: =Deadpool2!J17 -> 1 | R10: =Deadpool2!J18 -> 1 | S10: =Deadpool2!J19 -> 0 | T10: =Deadpool2!J20 -> 0 | U10: =Deadpool2!J21 -> 0 | V10: =Deadpool2!J22 -> 1 | W10: =Deadpool2!J23 -> 1 | X10: =Deadpool2!J24 -> 1 | Y10: =Deadpool2!J25 -> 2 | Z10: =Deadpool2!J26 -> 2 | AA10: =Deadpool2!J27 -> 2 | AB10: =Deadpool2!J28 -> 2 | AC10: =Deadpool2!J29 -> 0 | AD10: =Deadpool2!J30 -> 0
A11: =Deadpool2!K1 -> 0 | B11: =Deadpool2!K2 -> 2 | C11: =Deadpool2!K3 -> 2 | D11: =Deadpool2!K4 -> 2 | E11: =Deadpool2!K5 -> 2 | F11: =Deadpool2!K6 -> 2 | G11: =Deadpool2!K7 -> 1 | H11: =Deadpool2!K8 -> 1 | I11: =Deadpool2!K9 -> 1 | J11: =Deadpool2!K10 -> 1 | K11: =Deadpool2!K11 -> 1 | L11: =Deadpool2!K12 -> 1 | M11: =Deadpool2!K13 -> 1 | N11: =Deadpool2!K14 -> 1 | O11: =Deadpool2!K15 -> 1 | P11: =Deadpool2!K16 -> 1 | Q11: =Deadpool2!K17 -> 1 | R11: =Deadpool2!K18 -> 1 | S11: =Deadpool2!K19 -> 0 | T11: =Deadpool2!K20 -> 0 | U11: =Deadpool2!K21 -> 0 | V11: =Deadpool2!K22 -> 1 | W11: =Deadpool2!K23 -> 1 | X11: =Deadpool2!K24 -> 1 | Y11: =Deadpool2!K25 -> 2 | Z11: =Deadpool2!K26 -> 2 | AA11: =Deadpool2!K27 -> 2 | AB11: =Deadpool2!K28 -> 2 | AC11: =Deadpool2!K29 -> 2 | AD11: =Deadpool2!K30 -> 0
A12: =Deadpool2!L1 -> 0 | B12: =Deadpool2!L2 -> 2 | C12: =Deadpool2!L3 -> 2 | D12: =Deadpool2!L4 -> 2 | E12: =Deadpool2!L5 -> 2 | F12: =Deadpool2!L6 -> 1 | G12: =Deadpool2!L7 -> 1 | H12: =Deadpool2!L8 -> 1 | I12: =Deadpool2!L9 -> 1 | J12: =Deadpool2!L10 -> 1 | K12: =Deadpool2!L11 -> 1 | L12: =Deadpool2!L12 -> 1 | M12: =Deadpool2!L13 -> 1 | N12: =Deadpool2!L14 -> 1 | O12: =Deadpool2!L15 -> 1 | P12: =Deadpool2!L16 -> 1 | Q12: =Deadpool2!L17 -> 1 | R12: =Deadpool2!L18 -> 1 | S12: =Deadpool2!L19 -> 1 | T12: =Deadpool2!L20 -> 0 | U12: =Deadpool2!L21 -> 1 | V12: =Deadpool2!L22 -> 1 | W12: =Deadpool2!L23 -> 1 | X12: =Deadpool2!L24 -> 1 | Y12: =Deadpool2!L25 -> 1 | Z12: =Deadpool2!L26 -> 2 | AA12: =Deadpool2!L27 -> 2 | AB12: =Deadpool2!L28 -> 2 | AC12: =Deadpool2!L29 -> 2 | AD12: =Deadpool2!L30 -> 0
A13: =Deadpool2!M1 -> 0 | B13: =Deadpool2!M2 -> 2 | C13: =Deadpool2!M3 -> 2 | D13: =Deadpool2!M4 -> 2 | E13: =Deadpool2!M5 -> 2 | F13: =Deadpool2!M6 -> 1 | G13: =Deadpool2!M7 -> 1 | H13: =Deadpool2!M8 -> 1 | I13: =Deadpool2!M9 -> 1 | J13: =Deadpool2!M10 -> 1 | K13: =Deadpool2!M11 -> 1 | L13: =Deadpool2!M12 -> 1 | M13: =Deadpool2!M13 -> 1 | N13: =Deadpool2!M14 -> 1 | O13: =Deadpool2!M15 -> 1 | P13: =Deadpool2!M16 -> 1 | Q13: =Deadpool2!M17 -> 1 | R13: =Deadpool2!M18 -> 1 | S13: =Deadpool2!M19 -> 1 | T13: =Deadpool2!M20 -> 1 | U13: =Deadpool2!M21 -> 1 | V13: =Deadpool2!M22 -> 1 | W13: =Deadpool2!M23 -> 1 | X13: =Deadpool2!M24 -> 1 | Y13: =Deadpool2!M25 -> 1 | Z13: =Deadpool2!M26 -> 2 | AA13: =Deadpool2!M27 -> 2 | AB13: =Deadpool2!M28 -> 2 | AC13: =Deadpool2!M29 -> 2 | AD13: =Deadpool2!M30 -> 0
A14: =Deadpool2!N1 -> 0 | B14: =Deadpool2!N2 -> 2 | C14: =Deadpool2!N3 -> 2 | D14: =Deadpool2!N4 -> 2 | E14: =Deadpool2!N5 -> 2 | F14: =Deadpool2!N6 -> 2 | G14: =Deadpool2!N7 -> 2 | H14: =Deadpool2!N8 -> 2 | I14: =Deadpool2!N9 -> 2 | J14: =Deadpool2!N10 -> 2 | K14: =Deadpool2!N11 -> 2 | L14: =Deadpool2!N12 -> 2 | M14: =Deadpool2!N13 -> 2 | N14: =Deadpool2!N14 -> 2 | O14: =Deadpool2!N15 -> 2 | P14: =Deadpool2!N16 -> 2 | Q14: =Deadpool2!N17 -> 2 | R14: =Deadpool2!N18 -> 2 | S14: =Deadpool2!N19 -> 2 | T14: =Deadpool2!N20 -> 2 | U14: =Deadpool2!N21 -> 2 | V14: =Deadpool2!N22 -> 2 | W14: =Deadpool2!N23 -> 2 | X14: =Deadpool2!N24 -> 2 | Y14: =Deadpool2!N25 -> 2 | Z14: =Deadpool2!N26 -> 2 | AA14: =Deadpool2!N27 -> 2 | AB14: =Deadpool2!N28 -> 2 | AC14: =Deadpool2!N29 -> 2 | AD14: =Deadpool2!N30 -> 0
A15: =Deadpool2!O1 -> 0 | B15: =Deadpool2!O2 -> 2 | C15: =Deadpool2!O3 -> 2 | D15: =Deadpool2!O4 -> 2 | E15: =Deadpool2!O5 -> 2 | F15: =Deadpool2!O6 -> 2 | G15: =Deadpool2!O7 -> 2 | H15: =Deadpool2!O8 -> 2 | I15: =Deadpool2!O9 -> 2 | J15: =Deadpool2!O10 -> 2 | K15: =Deadpool2!O11 -> 2 | L15: =Deadpool2!O12 -> 2 | M15: =Deadpool2!O13 -> 2 | N15: =Deadpool2!O14 -> 2 | O15: =Deadpool2!O15 -> 2 | P15: =Deadpool2!O16 -> 2 | Q15: =Deadpool2!O17 -> 2 | R15: =Deadpool2!O18 -> 2 | S15: =Deadpool2!O19 -> 2 | T15: =Deadpool2!O20 -> 2 | U15: =Deadpool2!O21 -> 2 | V15: =Deadpool2!O22 -> 2 | W15: =Deadpool2!O23 -> 2 | X15: =Deadpool2!O24 -> 2 | Y15: =Deadpool2!O25 -> 2 | Z15: =Deadpool2!O26 -> 2 | AA15: =Deadpool2!O27 -> 2 | AB15: =Deadpool2!O28 -> 2 | AC15: =Deadpool2!O29 -> 2 | AD15: =Deadpool2!O30 -> 0
A16: =Deadpool2!P1 -> 0 | B16: =Deadpool2!P2 -> 2 | C16: =Deadpool2!P3 -> 2 | D16: =Deadpool2!P4 -> 2 | E16: =Deadpool2!P5 -> 2 | F16: =Deadpool2!P6 -> 2 | G16: =Deadpool2!P7 -> 2 | H16: =Deadpool2!P8 -> 2 | I16: =Deadpool2!P9 -> 2 | J16: =Deadpool2!P10 -> 2 | K16: =Deadpool2!P11 -> 2 | L16: =Deadpool2!P12 -> 2 | M16: =Deadpool2!P13 -> 2 | N16: =Deadpool2!P14 -> 2 | O16: =Deadpool2!P15 -> 2 | P16: =Deadpool2!P16 -> 2 | Q16: =Deadpool2!P17 -> 2 | R16: =Deadpool2!P18 -> 2 | S16: =Deadpool2!P19 -> 2 | T16: =Deadpool2!P20 -> 2 | U16: =Deadpool2!P21 -> 2 | V16: =Deadpool2!P22 -> 2 | W16: =Deadpool2!P23 -> 2 | X16: =Deadpool2!P24 -> 2 | Y16: =Deadpool2!P25 -> 2 | Z16: =Deadpool2!P26 -> 2 | AA16: =Deadpool2!P27 -> 2 | AB16: =Deadpool2!P28 -> 2 | AC16: =Deadpool2!P29 -> 2 | AD16: =Deadpool2!P30 -> 0
A17: =Deadpool2!Q1 -> 0 | B17: =Deadpool2!Q2 -> 2 | C17: =Deadpool2!Q3 -> 2 | D17: =Deadpool2!Q4 -> 2 | E17: =Deadpool2!Q5 -> 2 | F17: =Deadpool2!Q6 -> 1 | G17: =Deadpool2!Q7 -> 1 | H17: =Deadpool2!Q8 -> 1 | I17: =Deadpool2!Q9 -> 1 | J17: =Deadpool2!Q10 -> 1 | K17: =Deadpool2!Q11 -> 1 | L17: =Deadpool2!Q12 -> 1 | M17: =Deadpool2!Q13 -> 1 | N17: =Deadpool2!Q14 -> 1 | O17: =Deadpool2!Q15 -> 1 | P17: =Deadpool2!Q16 -> 1 | Q17: =Deadpool2!Q17 -> 1 | R17: =Deadpool2!Q18 -> 1 | S17: =Deadpool2!Q19 -> 1 | T17: =Deadpool2!Q20 -> 1 | U17: =Deadpool2!Q21 -> 1 | V17: =Deadpool2!Q22 -> 1 | W17: =Deadpool2!Q23 -> 1 | X17: =Deadpool2!Q24 -> 1 | Y17: =Deadpool2!Q25 -> 1 | Z17: =Deadpool2!Q26 -> 2 | AA17: =Deadpool2!Q27 -> 2 | AB17: =Deadpool2!Q28 -> 2 | AC17: =Deadpool2!Q29 -> 2 | AD17: =Deadpool2!Q30 -> 0
A18: =Deadpool2!R1 -> 0 | B18: =Deadpool2!R2 -> 2 | C18: =Deadpool2!R3 -> 2 | D18: =Deadpool2!R4 -> 2 | E18: =Deadpool2!R5 -> 2 | F18: =Deadpool2!R6 -> 1 | G18: =Deadpool2!R7 -> 1 | H18: =Deadpool2!R8 -> 1 | I18: =Deadpool2!R9 -> 1 | J18: =Deadpool2!R10 -> 1 | K18: =Deadpool2!R11 -> 1 | L18: =Deadpool2!R12 -> 1 | M18: =Deadpool2!R13 -> 1 | N18: =Deadpool2!R14 -> 1 | O18: =Deadpool2!R15 -> 1 | P18: =Deadpool2!R16 -> 1 | Q18: =Deadpool2!R17 -> 1 | R18: =Deadpool2!R18 -> 1 | S18: =Deadpool2!R19 -> 1 | T18: =Deadpool2!R20 | U18: =Deadpool2!R21 -> 1 | V18: =Deadpool2!R22 -> 1 | W18: =Deadpool2!R23 -> 1 | X18: =Deadpool2!R24 -> 1 | Y18: =Deadpool2!R25 -> 1 | Z18: =Deadpool2!R26 -> 2 | AA18: =Deadpool2!R27 -> 2 | AB18: =Deadpool2!R28 -> 2 | AC18: =Deadpool2!R29 -> 2 | AD18: =Deadpool2!R30 -> 0
A19: =Deadpool2!S1 -> 0 | B19: =Deadpool2!S2 -> 2 | C19: =Deadpool2!S3 -> 2 | D19: =Deadpool2!S4 -> 2 | E19: =Deadpool2!S5 -> 2 | F19: =Deadpool2!S6 -> 2 | G19: =Deadpool2!S7 -> 1 | H19: =Deadpool2!S8 -> 1 | I19: =Deadpool2!S9 -> 1 | J19: =Deadpool2!S10 -> 1 | K19: =Deadpool2!S11 -> 1 | L19: =Deadpool2!S12 -> 1 | M19: =Deadpool2!S13 -> 1 | N19: =Deadpool2!S14 -> 1 | O19: =Deadpool2!S15 -> 1 | P19: =Deadpool2!S16 -> 1 | Q19: =Deadpool2!S17 -> 1 | R19: =Deadpool2!S18 -> 1 | S19: =Deadpool2!S19 -> 0 | T19: =Deadpool2!S20 -> 0 | U19: =Deadpool2!S21 -> 0 | V19: =Deadpool2!S22 -> 1 | W19: =Deadpool2!S23 -> 1 | X19: =Deadpool2!S24 -> 1 | Y19: =Deadpool2!S25 -> 2 | Z19: =Deadpool2!S26 -> 2 | AA19: =Deadpool2!S27 -> 2 | AB19: =Deadpool2!S28 -> 2 | AC19: =Deadpool2!S29 -> 2 | AD19: =Deadpool2!S30 -> 0
A20: =Deadpool2!T1 -> 0 | B20: =Deadpool2!T2 -> 2 | C20: =Deadpool2!T3 -> 2 | D20: =Deadpool2!T4 -> 2 | E20: =Deadpool2!T5 -> 2 | F20: =Deadpool2!T6 -> 2 | G20: =Deadpool2!T7 -> 1 | H20: =Deadpool2!T8 -> 1 | I20: =Deadpool2!T9 -> 1 | J20: =Deadpool2!T10 -> 1 | K20: =Deadpool2!T11 -> 1 | L20: =Deadpool2!T12 -> 1 | M20: =Deadpool2!T13 -> 1 | N20: =Deadpool2!T14 -> 1 | O20: =Deadpool2!T15 -> 1 | P20: =Deadpool2!T16 -> 1 | Q20: =Deadpool2!T17 -> 1 | R20: =Deadpool2!T18 -> 1 | S20: =Deadpool2!T19 -> 0 | T20: =Deadpool2!T20 -> 0 | U20: =Deadpool2!T21 -> 0 | V20: =Deadpool2!T22 -> 1 | W20: =Deadpool2!T23 -> 1 | X20: =Deadpool2!T24 -> 1 | Y20: =Deadpool2!T25 -> 2 | Z20: =Deadpool2!T26 -> 2 | AA20: =Deadpool2!T27 -> 2 | AB20: =Deadpool2!T28 -> 2 | AC20: =Deadpool2!T29 -> 2 | AD20: =Deadpool2!T30 -> 0
A21: =Deadpool2!U1 -> 0 | B21: =Deadpool2!U2 -> 0 | C21: =Deadpool2!U3 -> 2 | D21: =Deadpool2!U4 -> 2 | E21: =Deadpool2!U5 -> 2 | F21: =Deadpool2!U6 -> 2 | G21: =Deadpool2!U7 -> 2 | H21: =Deadpool2!U8 -> 1 | I21: =Deadpool2!U9 -> 1 | J21: =Deadpool2!U10 -> 1 | K21: =Deadpool2!U11 -> 1 | L21: =Deadpool2!U12 -> 1 | M21: =Deadpool2!U13 -> 1 | N21: =Deadpool2!U14 -> 1 | O21: =Deadpool2!U15 -> 1 | P21: =Deadpool2!U16 -> 1 | Q21: =Deadpool2!U17 -> 1 | R21: =Deadpool2!U18 -> 0 | S21: =Deadpool2!U19 -> 0 | T21: =Deadpool2!U20 -> 0 | U21: =Deadpool2!U21 -> 0 | V21: =Deadpool2!U22 -> 1 | W21: =Deadpool2!U23 -> 1 | X21: =Deadpool2!U24 -> 2 | Y21: =Deadpool2!U25 -> 2 | Z21: =Deadpool2!U26 -> 2 | AA21: =Deadpool2!U27 -> 2 | AB21: =Deadpool2!U28 -> 2 | AC21: =Deadpool2!U29 -> 0 | AD21: =Deadpool2!U30 -> 0
A22: =Deadpool2!V1 -> 0 | B22: =Deadpool2!V2 -> 0 | C22: =Deadpool2!V3 -> 0 | D22: =Deadpool2!V4 -> 2 | E22: =Deadpool2!V5 -> 2 | F22: =Deadpool2!V6 -> 2 | G22: =Deadpool2!V7 -> 2 | H22: =Deadpool2!V8 -> 1 | I22: =Deadpool2!V9 -> 1 | J22: =Deadpool2!V10 -> 1 | K22: =Deadpool2!V11 -> 1 | L22: =Deadpool2!V12 -> 1 | M22: =Deadpool2!V13 -> 1 | N22: =Deadpool2!V14 -> 1 | O22: =Deadpool2!V15 -> 1 | P22: =Deadpool2!V16 -> 1 | Q22: =Deadpool2!V17 -> 0 | R22: =Deadpool2!V18 -> 0 | S22: =Deadpool2!V19 -> 0 | T22: =Deadpool2!V20 -> 0 | U22: =Deadpool2!V21 -> 1 | V22: =Deadpool2!V22 -> 1 | W22: =Deadpool2!V23 -> 1 | X22: =Deadpool2!V24 -> 2 | Y22: =Deadpool2!V25 -> 2 | Z22: =Deadpool2!V26 -> 2 | AA22: =Deadpool2!V27 -> 2 | AB22: =Deadpool2!V28 -> 0 | AC22: =Deadpool2!V29 -> 0 | AD22: =Deadpool2!V30 -> 0
A23: =Deadpool2!W1 -> 0 | B23: =Deadpool2!W2 -> 0 | C23: =Deadpool2!W3 -> 0 | D23: =Deadpool2!W4 -> 0 | E23: =Deadpool2!W5 -> 2 | F23: =Deadpool2!W6 -> 2 | G23: =Deadpool2!W7 -> 2 | H23: =Deadpool2!W8 -> 2 | I23: =Deadpool2!W9 -> 1 | J23: =Deadpool2!W10 -> 1 | K23: =Deadpool2!W11 -> 1 | L23: =Deadpool2!W12 -> 1 | M23: =Deadpool2!W13 -> 1 | N23: =Deadpool2!W14 -> 1 | O23: =Deadpool2!W15 -> 1 | P23: =Deadpool2!W16 -> 0 | Q23: =Deadpool2!W17 -> 0 | R23: =Deadpool2!W18 -> 0 | S23: =Deadpool2!W19 -> 0 | T23: =Deadpool2!W20 -> 1 | U23: =Deadpool2!W21 -> 1 | V23: =Deadpool2!W22 -> 1 | W23: =Deadpool2!W23 -> 2 | X23: =Deadpool2!W24 -> 2 | Y23: =Deadpool2!W25 -> 2 | Z23: =Deadpool2!W26 -> 2 | AA23: =Deadpool2!W27 -> 0 | AB23: =Deadpool2!W28 -> 0 | AC23: =Deadpool2!W29 -> 0 | AD23: =Deadpool2!W30 -> 0
A24: =Deadpool2!X1 -> 0 | B24: =Deadpool2!X2 -> 0 | C24: =Deadpool2!X3 -> 0 | D24: =Deadpool2!X4 -> 0 | E24: =Deadpool2!X5 -> 0 | F24: =Deadpool2!X6 -> 2 | G24: =Deadpool2!X7 -> 2 | H24: =Deadpool2!X8 -> 2 | I24: =Deadpool2!X9 -> 1 | J24: =Deadpool2!X10 -> 1 | K24: =Deadpool2!X11 -> 1 | L24: =Deadpool2!X12 -> 1 | M24: =Deadpool2!X13 -> 1 | N24: =Deadpool2!X14 -> 1 | O24: =Deadpool2!X15 -> 0 | P24: =Deadpool2!X16 -> 0 | Q24: =Deadpool2!X17 -> 0 | R24: =Deadpool2!X18 -> 0 | S24: =Deadpool2!X19 -> 1 | T24: =Deadpool2!X20 -> 1 | U24: =Deadpool2!X21 -> 1 | V24: =Deadpool2!X22 -> 1 | W24: =Deadpool2!X23 -> 2 | X24: =Deadpool2!X24 -> 2 | Y24: =Deadpool2!X25 -> 0 | Z24: =Deadpool2!X26 -> 0 | AA24: =Deadpool2!X27 -> 0 | AB24: =Deadpool2!X28 -> 0 | AC24: =Deadpool2!X29 -> 0 | AD24: =Deadpool2!X30 -> 0
A25: =Deadpool2!Y1 -> 0 | B25: =Deadpool2!Y2 -> 0 | C25: =Deadpool2!Y3 -> 0 | D25: =Deadpool2!Y4 -> 0 | E25: =Deadpool2!Y5 -> 0 | F25: =Deadpool2!Y6 -> 0 | G25: =Deadpool2!Y7 -> 2 | H25: =Deadpool2!Y8 -> 2 | I25: =Deadpool2!Y9 -> 2 | J25: =Deadpool2!Y10 -> 2 | K25: =Deadpool2!Y11 -> 1 | L25: =Deadpool2!Y12 -> 1 | M25: =Deadpool2!Y13 -> 1 | N25: =Deadpool2!Y14 -> 1 | O25: =Deadpool2!Y15 -> 1 | P25: =Deadpool2!Y16 -> 1 | Q25: =Deadpool2!Y17 -> 1 | R25: =Deadpool2!Y18 -> 1 | S25: =Deadpool2!Y19 -> 1 | T25: =Deadpool2!Y20 -> 1 | U25: =Deadpool2!Y21 -> 2 | V25: =Deadpool2!Y22 -> 2 | W25: =Deadpool2!Y23 -> 2 | X25: =Deadpool2!Y24 -> 0 | Y25: =Deadpool2!Y25 -> 0 | Z25: =Deadpool2!Y26 -> 0 | AA25: =Deadpool2!Y27 -> 0 | AB25: =Deadpool2!Y28 -> 0 | AC25: =Deadpool2!Y29 -> 0 | AD25: =Deadpool2!Y30 -> 0
A26: =Deadpool2!Z1 -> 0 | B26: =Deadpool2!Z2 -> 0 | C26: =Deadpool2!Z3 -> 0 | D26: =Deadpool2!Z4 -> 0 | E26: =Deadpool2!Z5 -> 0 | F26: =Deadpool2!Z6 -> 0 | G26: =Deadpool2!Z7 -> 0 | H26: =Deadpool2!Z8 -> 2 | I26: =Deadpool2!Z9 -> 2 | J26: =Deadpool2!Z10 -> 2 | K26: =Deadpool2!Z11 -> 2 | L26: =Deadpool2!Z12 -> 2 | M26: =Deadpool2!Z13 -> 2 | N26: =Deadpool2!Z14 -> 2 | O26: =Deadpool2!Z15 -> 2 | P26: =Deadpool2!Z16 -> 2 | Q26: =Deadpool2!Z17 -> 2 | R26: =Deadpool2!Z18 -> 2 | S26: =Deadpool2!Z19 -> 2 | T26: =Deadpool2!Z20 -> 2 | U26: =Deadpool2!Z21 -> 2 | V26: =Deadpool2!Z22 -> 2 | W26: =Deadpool2!Z23 -> 0 | X26: =Deadpool2!Z24 -> 0 | Y26: =Deadpool2!Z25 -> 0 | Z26: =Deadpool2!Z26 -> 0 | AA26: =Deadpool2!Z27 -> 0 | AB26: =Deadpool2!Z28 -> 0 | AC26: =Deadpool2!Z29 -> 0 | AD26: =Deadpool2!Z30 -> 0
A27: =Deadpool2!AA1 -> 0 | B27: =Deadpool2!AA2 -> 0 | C27: =Deadpool2!AA3 -> 0 | D27: =Deadpool2!AA4 -> 0 | E27: =Deadpool2!AA5 -> 0 | F27: =Deadpool2!AA6 -> 0 | G27: =Deadpool2!AA7 -> 0 | H27: =Deadpool2!AA8 -> 0 | I27: =Deadpool2!AA9 -> 2 | J27: =Deadpool2!AA10 -> 2 | K27: =Deadpool2!AA11 -> 2 | L27: =Deadpool2!AA12 -> 2 | M27: =Deadpool2!AA13 -> 2 | N27: =Deadpool2!AA14 -> 2 | O27: =Deadpool2!AA15 -> 2 | P27: =Deadpool2!AA16 -> 2 | Q27: =Deadpool2!AA17 -> 2 | R27: =Deadpool2!AA18 -> 2 | S27: =Deadpool2!AA19 -> 2 | T27: =Deadpool2!AA20 -> 2 | U27: =Deadpool2!AA21 -> 2 | V27: =Deadpool2!AA22 -> 0 | W27: =Deadpool2!AA23 -> 0 | X27: =Deadpool2!AA24 -> 0 | Y27: =Deadpool2!AA25 -> 0 | Z27: =Deadpool2!AA26 -> 0 | AA27: =Deadpool2!AA27 -> 0 | AB27: =Deadpool2!AA28 -> 0 | AC27: =Deadpool2!AA29 -> 0 | AD27: =Deadpool2!AA30 -> 0
A28: =Deadpool2!AB1 -> 0 | B28: =Deadpool2!AB2 -> 0 | C28: =Deadpool2!AB3 -> 0 | D28: =Deadpool2!AB4 -> 0 | E28: =Deadpool2!AB5 -> 0 | F28: =Deadpool2!AB6 -> 0 | G28: =Deadpool2!AB7 -> 0 | H28: =Deadpool2!AB8 -> 0 | I28: =Deadpool2!AB9 -> 0 | J28: =Deadpool2!AB10 -> 2 | K28: =Deadpool2!AB11 -> 2 | L28: =Deadpool2!AB12 -> 2 | M28: =Deadpool2!AB13 -> 2 | N28: =Deadpool2!AB14 -> 2 | O28: =Deadpool2!AB15 -> 2 | P28: =Deadpool2!AB16 -> 2 | Q28: =Deadpool2!AB17 -> 2 | R28: =Deadpool2!AB18 -> 2 | S28: =Deadpool2!AB19 -> 2 | T28: =Deadpool2!AB20 -> 2 | U28: =Deadpool2!AB21 -> 0 | V28: =Deadpool2!AB22 -> 0 | W28: =Deadpool2!AB23 -> 0 | X28: =Deadpool2!AB24 -> 0 | Y28: =Deadpool2!AB25 -> 0 | Z28: =Deadpool2!AB26 -> 0 | AA28: =Deadpool2!AB27 -> 0 | AB28: =Deadpool2!AB28 -> 0 | AC28: =Deadpool2!AB29 -> 0 | AD28: =Deadpool2!AB30 -> 0
A29: =Deadpool2!AC1 -> 0 | B29: =Deadpool2!AC2 -> 0 | C29: =Deadpool2!AC3 -> 0 | D29: =Deadpool2!AC4 -> 0 | E29: =Deadpool2!AC5 -> 0 | F29: =Deadpool2!AC6 -> 0 | G29: =Deadpool2!AC7 -> 0 | H29: =Deadpool2!AC8 -> 0 | I29: =Deadpool2!AC9 -> 0 | J29: =Deadpool2!AC10 -> 0 | K29: =Deadpool2!AC11 -> 0 | L29: =Deadpool2!AC12 -> 0 | M29: =Deadpool2!AC13 -> 0 | N29: =Deadpool2!AC14 -> 0 | O29: =Deadpool2!AC15 -> 0 | P29: =Deadpool2!AC16 -> 0 | Q29: =Deadpool2!AC17 -> 0 | R29: =Deadpool2!AC18 -> 0 | S29: =Deadpool2!AC19 -> 0 | T29: =Deadpool2!AC20 -> 0 | U29: =Deadpool2!AC21 -> 0 | V29: =Deadpool2!AC22 -> 0 | W29: =Deadpool2!AC23 -> 0 | X29: =Deadpool2!AC24 -> 0 | Y29: =Deadpool2!AC25 -> 0 | Z29: =Deadpool2!AC26 -> 0 | AA29: =Deadpool2!AC27 -> 0 | AB29: =Deadpool2!AC28 -> 0 | AC29: =Deadpool2!AC29 -> 0 | AD29: =Deadpool2!AC30 -> 0
A30: =Deadpool2!AD1 -> 0 | B30: =Deadpool2!AD2 -> 0 | C30: =Deadpool2!AD3 -> 0 | D30: =Deadpool2!AD4 -> 0 | E30: =Deadpool2!AD5 -> 0 | F30: =Deadpool2!AD6 -> 0 | G30: =Deadpool2!AD7 -> 0 | H30: =Deadpool2!AD8 -> 0 | I30: =Deadpool2!AD9 -> 0 | J30: =Deadpool2!AD10 -> 0 | K30: =Deadpool2!AD11 -> 0 | L30: =Deadpool2!AD12 -> 0 | M30: =Deadpool2!AD13 -> 0 | N30: =Deadpool2!AD14 -> 0 | O30: =Deadpool2!AD15 -> 0 | P30: =Deadpool2!AD16 -> 0 | Q30: =Deadpool2!AD17 -> 0 | R30: =Deadpool2!AD18 -> 0 | S30: =Deadpool2!AD19 -> 0 | T30: =Deadpool2!AD20 -> 0 | U30: =Deadpool2!AD21 -> 0 | V30: =Deadpool2!AD22 -> 0 | W30: =Deadpool2!AD23 -> 0 | X30: =Deadpool2!AD24 -> 0 | Y30: =Deadpool2!AD25 -> 0 | Z30: =Deadpool2!AD26 -> 0 | AA30: =Deadpool2!AD27 -> 0 | AB30: =Deadpool2!AD28 -> 0 | AC30: =Deadpool2!AD29 -> 0 | AD30: =Deadpool2!AD30 -> 0

Sheet Alien3
A1: 0 | B1: 0 | C1: 0 | D1: 0 | E1: 0 | F1: 0 | G1: 0 | H1: 0 | I1: 0 | J1: 0 | K1: 0 | L1: 0 | M1: 0 | N1: 0 | O1: 0 | P1: 0 | Q1: 0 | R1: 0 | S1: 0 | T1: 0 | U1: 0 | V1: 0 | W1: 0 | X1: 0 | Y1: 0 | Z1: 0 | AA1: 0 | AB1: 0 | AC1: 0 | AD1: 0
A2: 0 | B2: 0 | C2: 0 | D2: 0 | E2: 0 | F2: 0 | G2: 0 | H2: 0 | I2: 0 | J2: 0 | K2: 1 | L2: 1 | M2: 1 | N2: 1 | O2: 1 | P2: 1 | Q2: 1 | R2: 1 | S2: 1 | T2: 1 | U2: 1 | V2: 1 | W2: 1 | X2: 0 | Y2: 0 | Z2: 0 | AA2: 0 | AB2: 0 | AC2: 0 | AD2: 0
A3: 0 | B3: 0 | C3: 0 | D3: 0 | E3: 0 | F3: 0 | G3: 1 | H3: 1 | I3: 1 | J3: 1 | K3: 3 | L3: 3 | M3: 3 | N3: 3 | O3: 3 | P3: 3 | Q3: 3 | R3: 3 | S3: 3 | T3: 3 | U3: 3 | V3: 3 | W3: 3 | X3: 1 | Y3: 1 | Z3: 1 | AA3: 1 | AB3: 0 | AC3: 0 | AD3: 0
A4: 0 | B4: 0 | C4: 0 | D4: 0 | E4: 1 | F4: 1 | G4: 3 | H4: 3 | I4: 3 | J4: 3 | K4: 3 | L4: 3 | M4: 3 | N4: 3 | O4: 3 | P4: 3 | Q4: 3 | R4: 3 | S4: 3 | T4: 3 | U4: 3 | V4: 3 | W4: 3 | X4: 3 | Y4: 3 | Z4: 3 | AA4: 1 | AB4: 1 | AC4: 0 | AD4: 0
A5: 0 | B5: 0 | C5: 0 | D5: 0 | E5: 1 | F5: 3 | G5: 3 | H5: 3 | I5: 3 | J5: 3 | K5: 3 | L5: 3 | M5: 3 | N5: 3 | O5: 3 | P5: 3 | Q5: 3 | R5: 3 | S5: 3 | T5: 3 | U5: 3 | V5: 3 | W5: 3 | X5: 3 | Y5: 3 | Z5: 3 | AA5: 3 | AB5: 1 | AC5: 0 | AD5: 0
A6: 0 | B6: 0 | C6: 0 | D6: 0 | E6: 1 | F6: 3 | G6: 3 | H6: 3 | I6: 3 | J6: 3 | K6: 3 | L6: 3 | M6: 3 | N6: 3 | O6: 3 | P6: 3 | Q6: 3 | R6: 3 | S6: 3 | T6: 3 | U6: 3 | V6: 3 | W6: 3 | X6: 3 | Y6: 3 | Z6: 3 | AA6: 3 | AB6: 1 | AC6: 0 | AD6: 0
A7: 0 | B7: 0 | C7: 0 | D7: 0 | E7: 1 | F7: 3 | G7: 3 | H7: 3 | I7: 3 | J7: 3 | K7: 3 | L7: 3 | M7: 3 | N7: 3 | O7: 3 | P7: 3 | Q7: 3 | R7: 3 | S7: 3 | T7: 3 | U7: 3 | V7: 3 | W7: 3 | X7: 3 | Y7: 3 | Z7: 3 | AA7: 3 | AB7: 1 | AC7: 1 | AD7: 0
A8: 0 | B8: 0 | C8: 0 | D8: 1 | E8: 1 | F8: 3 | G8: 3 | H8: 3 | I8: 3 | J8: 3 | K8: 3 | L8: 3 | M8: 3 | N8: 3 | O8: 3 | P8: 3 | Q8: 3 | R8: 3 | S8: 3 | T8: 3 | U8: 3 | V8: 3 | W8: 3 | X8: 3 | Y8: 3 | Z8: 3 | AA8: 3 | AB8: 3 | AC8: 1 | AD8: 0
A9: 0 | B9: 0 | C9: 0 | D9: 1 | E9: 3 | F9: 3 | G9: 3 | H9: 3 | I9: 3 | J9: 3 | K9: 3 | L9: 3 | M9: 3 | N9: 3 | O9: 3 | P9: 3 | Q9: 3 | R9: 3 | S9: 3 | T9: 3 | U9: 3 | V9: 3 | W9: 3 | X9: 3 | Y9: 3 | Z9: 3 | AA9: 3 | AB9: 3 | AC9: 1 | AD9: 0
A10: 0 | B10: 0 | C10: 1 | D10: 1 | E10: 3 | F10: 3 | G10: 3 | H10: 3 | I10: 3 | J10: 3 | K10: 3 | L10: 3 | M10: 3 | N10: 3 | O10: 3 | P10: 3 | Q10: 3 | R10: 3 | S10: 3 | T10: 3 | U10: 3 | V10: 3 | W10: 3 | X10: 3 | Y10: 3 | Z10: 3 | AA10: 3 | AB10: 3 | AC10: 1 | AD10: 1
A11: 0 | B11: 0 | C11: 1 | D11: 3 | E11: 3 | F11: 3 | G11: 3 | H11: 3 | I11: 3 | J11: 3 | K11: 3 | L11: 3 | M11: 3 | N11: 3 | O11: 3 | P11: 3 | Q11: 3 | R11: 3 | S11: 3 | T11: 3 | U11: 3 | V11: 3 | W11: 3 | X11: 3 | Y11: 3 | Z11: 3 | AA11: 3 | AB11: 3 | AC11: 3 | AD11: 1
A12: 0 | B12: 0 | C12: 1 | D12: 3 | E12: 3 | F12: 3 | G12: 3 | H12: 1 | I12: 3 | J12: 3 | K12: 3 | L12: 3 | M12: 3 | N12: 3 | O12: 3 | P12: 3 | Q12: 3 | R12: 3 | S12: 3 | T12: 3 | U12: 3 | V12: 3 | W12: 3 | X12: 1 | Y12: 3 | Z12: 3 | AA12: 3 | AB12: 3 | AC12: 3 | AD12: 1
... A27: 0 | B27: 0 | C27: 0 | D27: 0 | E27: 0 | F27: 0 | G27: 0 | H27: 0 | I27: 1 | J27: 1 | K27: 3 | L27: 3 | M27: 0 | N27: 0 | O27: 0 | P27: 0 | Q27: 0 | R27: 0 | S27: 0 | T27: 0 | U27: 3 | V27: 3 | W27: 1 | X27: 1 | Y27: 0 | Z27: 0 | AA27: 0 | AB27: 0 | AC27: 0 | AD27: 0
A28: 0 | B28: 0 | C28: 0 | D28: 0 | E28: 0 | F28: 0 | G28: 0 | H28: 0 | I28: 0 | J28: 1 | K28: 1 | L28: 3 | M28: 3 | N28: 3 | O28: 3 | P28: 3 | Q28: 3 | R28: 3 | S28: 3 | T28: 3 | U28: 3 | V28: 1 | W28: 1 | X28: 0 | Y28: 0 | Z28: 0 | AA28: 0 | AB28: 0 | AC28: 0 | AD28: 0 | AI28: 0 | AJ28: blanco
A29: 0 | B29: 0 | C29: 0 | D29: 0 | E29: 0 | F29: 0 | G29: 0 | H29: 0 | I29: 0 | J29: 0 | K29: 1 | L29: 1 | M29: 3 | N29: 3 | O29: 3 | P29: 3 | Q29: 3 | R29: 3 | S29: 3 | T29: 3 | U29: 1 | V29: 1 | W29: 0 | X29: 0 | Y29: 0 | Z29: 0 | AA29: 0 | AB29: 0 | AC29: 0 | AD29: 0 | AI29: 1 | AJ29: negro
A30: 0 | B30: 0 | C30: 0 | D30: 0 | E30: 0 | F30: 0 | G30: 0 | H30: 0 | I30: 0 | J30: 0 | K30: 0 | L30: 1 | M30: 1 | N30: 1 | O30: 1 | P30: 1 | Q30: 1 | R30: 1 | S30: 1 | T30: 1 | U30: 1 | V30: 0 | W30: 0 | X30: 0 | Y30: 0 | Z30: 0 | AA30: 0 | AB30: 0 | AC30: 0 | AD30: 0 | AI30: 2 | AJ30: rojo
AI31: 3 | AJ31: verde
AI32: 4 | AJ32: gris

Sheet Alien3_T
A1: =Alien3!A1 -> 0 | B1: =Alien3!A2 -> 0 | C1: =Alien3!A3 -> 0 | D1: =Alien3!A4 -> 0 | E1: =Alien3!A5 -> 0 | F1: =Alien3!A6 -> 0 | G1: =Alien3!A7 -> 0 | H1: =Alien3!A8 -> 0 | I1: =Alien3!A9 -> 0 | J1: =Alien3!A10 -> 0 | K1: =Alien3!A11 -> 0 | L1: =Alien3!A12 -> 0 | M1: =Alien3!A13 -> 0 | N1: =Alien3!A14 -> 0 | O1: =Alien3!A15 -> 0 | P1: =Alien3!A16 -> 0 | Q1: =Alien3!A17 -> 0 | R1: =Alien3!A18 -> 0 | S1: =Alien3!A19 -> 0 | T1: =Alien3!A20 -> 0 | U1: =Alien3!A21 -> 0 | V1: =Alien3!A22 -> 0 | W1: =Alien3!A23 -> 0 | X1: =Alien3!A24 -> 0 | Y1: =Alien3!A25 -> 0 | Z1: =Alien3!A26 -> 0 | AA1: =Alien3!A27 -> 0 | AB1: =Alien3!A28 -> 0 | AC1: =Alien3!A29 -> 0 | AD1: =Alien3!A30 -> 0
A2: =Alien3!B1 -> 0 | B2: =Alien3!B2 -> 0 | C2: =Alien3!B3 -> 0 | D2: =Alien3!B4 -> 0 | E2: =Alien3!B5 -> 0 | F2: =Alien3!B6 -> 0 | G2: =Alien3!B7 -> 0 | H2: =Alien3!B8 -> 0 | I2: =Alien3!B9 -> 0 | J2: =Alien3!B10 -> 0 | K2: =Alien3!B11 -> 0 | L2: =Alien3!B12 -> 0 | M2: =Alien3!B13 -> 0 | N2: =Alien3!B14 -> 0 | O2: =Alien3!B15 -> 0 | P2: =Alien3!B16 -> 0 | Q2: =Alien3!B17 -> 0 | R2: =Alien3!B18 -> 0 | S2: =Alien3!B19 -> 0 | T2: =Alien3!B20 -> 0 | U2: =Alien3!B21 -> 0 | V2: =Alien3!B22 -> 0 | W2: =Alien3!B23 -> 0 | X2: =Alien3!B24 -> 0 | Y2: =Alien3!B25 -> 0 | Z2: =Alien3!B26 -> 0 | AA2: =Alien3!B27 -> 0 | AB2: =Alien3!B28 -> 0 | AC2: =Alien3!B29 -> 0 | AD2: =Alien3!B30 -> 0
A3: =Alien3!C1 -> 0 | B3: =Alien3!C2 -> 0 | C3: =Alien3!C3 -> 0 | D3: =Alien3!C4 -> 0 | E3: =Alien3!C5 -> 0 | F3: =Alien3!C6 -> 0 | G3: =Alien3!C7 -> 0 | H3: =Alien3!C8 -> 0 | I3: =Alien3!C9 -> 0 | J3: =Alien3!C10 -> 1 | K3: =Alien3!C11 -> 1 | L3: =Alien3!C12 -> 1 | M3: =Alien3!C13 -> 1 | N3: =Alien3!C14 -> 1 | O3: =Alien3!C15 -> 1 | P3: =Alien3!C16 -> 1 | Q3: =Alien3!C17 -> 1 | R3: =Alien3!C18 -> 1 | S3: =Alien3!C19 -> 1 | T3: =Alien3!C20 -> 1 | U3: =Alien3!C21 -> 1 | V3: =Alien3!C22 -> 0 | W3: =Alien3!C23 -> 0 | X3: =Alien3!C24 -> 0 | Y3: =Alien3!C25 -> 0 | Z3: =Alien3!C26 -> 0 | AA3: =Alien3!C27 -> 0 | AB3: =Alien3!C28 -> 0 | AC3: =Alien3!C29 -> 0 | AD3: =Alien3!C30 -> 0
A4: =Alien3!D1 -> 0 | B4: =Alien3!D2 -> 0 | C4: =Alien3!D3 -> 0 | D4: =Alien3!D4 -> 0 | E4: =Alien3!D5 -> 0 | F4: =Alien3!D6 -> 0 | G4: =Alien3!D7 -> 0 | H4: =Alien3!D8 -> 1 | I4: =Alien3!D9 -> 1 | J4: =Alien3!D10 -> 1 | K4: =Alien3!D11 -> 3 | L4: =Alien3!D12 -> 3 | M4: =Alien3!D13 -> 3 | N4: =Alien3!D14 -> 3 | O4: =Alien3!D15 -> 3 | P4: =Alien3!D16 -> 3 | Q4: =Alien3!D17 -> 3 | R4: =Alien3!D18 -> 3 | S4: =Alien3!D19 -> 3 | T4: =Alien3!D20 -> 3 | U4: =Alien3!D21 -> 1 | V4: =Alien3!D22 -> 1 | W4: =Alien3!D23 -> 0 | X4: =Alien3!D24 -> 0 | Y4: =Alien3!D25 -> 0 | Z4: =Alien3!D26 -> 0 | AA4: =Alien3!D27 -> 0 | AB4: =Alien3!D28 -> 0 | AC4: =Alien3!D29 -> 0 | AD4: =Alien3!D30 -> 0
A5: =Alien3!E1 -> 0 | B5: =Alien3!E2 -> 0 | C5: =Alien3!E3 -> 0 | D5: =Alien3!E4 -> 1 | E5: =Alien3!E5 -> 1 | F5: =Alien3!E6 -> 1 | G5: =Alien3!E7 -> 1 | H5: =Alien3!E8 -> 1 | I5: =Alien3!E9 -> 3 | J5: =Alien3!E10 -> 3 | K5: =Alien3!E11 -> 3 | L5: =Alien3!E12 -> 3 | M5: =Alien3!E13 -> 3 | N5: =Alien3!E14 -> 3 | O5: =Alien3!E15 -> 3 | P5: =Alien3!E16 -> 3 | Q5: =Alien3!E17 -> 3 | R5: =Alien3!E18 -> 3 | S5: =Alien3!E19 -> 3 | T5: =Alien3!E20 -> 3 | U5: =Alien3!E21 -> 3 | V5: =Alien3!E22 -> 1 | W5: =Alien3!E23 -> 1 | X5: =Alien3!E24 -> 0 | Y5: =Alien3!E25 -> 0 | Z5: =Alien3!E26 -> 0 | AA5: =Alien3!E27 -> 0 | AB5: =Alien3!E28 -> 0 | AC5: =Alien3!E29 -> 0 | AD5: =Alien3!E30 -> 0
A6: =Alien3!F1 -> 0 | B6: =Alien3!F2 -> 0 | C6: =Alien3!F3 -> 0 | D6: =Alien3!F4 -> 1 | E6: =Alien3!F5 -> 3 | F6: =Alien3!F6 -> 3 | G6: =Alien3!F7 -> 3 | H6: =Alien3!F8 -> 3 | I6: =Alien3!F9 -> 3 | J6: =Alien3!F10 -> 3 | K6: =Alien3!F11 -> 3 | L6: =Alien3!F12 -> 3 | M6: =Alien3!F13 -> 3 | N6: =Alien3!F14 -> 3 | O6: =Alien3!F15 -> 3 | P6: =Alien3!F16 -> 3 | Q6: =Alien3!F17 -> 3 | R6: =Alien3!F18 -> 3 | S6: =Alien3!F19 -> 3 | T6: =Alien3!F20 -> 3 | U6: =Alien3!F21 -> 3 | V6: =Alien3!F22 -> 3 | W6: =Alien3!F23 -> 1 | X6: =Alien3!F24 -> 1 | Y6: =Alien3!F25 -> 0 | Z6: =Alien3!F26 -> 0 | AA6: =Alien3!F27 -> 0 | AB6: =Alien3!F28 -> 0 | AC6: =Alien3!F29 -> 0 | AD6: =Alien3!F30 -> 0
A7: =Alien3!G1 -> 0 | B7: =Alien3!G2 -> 0 | C7: =Alien3!G3 -> 1 | D7: =Alien3!G4 -> 3 | E7: =Alien3!G5 -> 3 | F7: =Alien3!G6 -> 3 | G7: =Alien3!G7 -> 3 | H7: =Alien3!G8 -> 3 | I7: =Alien3!G9 -> 3 | J7: =Alien3!G10 -> 3 | K7: =Alien3!G11 -> 3 | L7: =Alien3!G12 -> 3 | M7: =Alien3!G13 -> 3 | N7: =Alien3!G14 -> 1 | O7: =Alien3!G15 -> 1 | P7: =Alien3!G16 -> 1 | Q7: =Alien3!G17 -> 1 | R7: =Alien3!G18 -> 1 | S7: =Alien3!G19 -> 1 | T7: =Alien3!G20 -> 1 | U7: =Alien3!G21 -> 1 | V7: =Alien3!G22 -> 3 | W7: =Alien3!G23 -> 3 | X7: =Alien3!G24 -> 1 | Y7: =Alien3!G25 -> 1 | Z7: =Alien3!G26 -> 0 | AA7: =Alien3!G27 -> 0 | AB7: =Alien3!G28 -> 0 | AC7: =Alien3!G29 -> 0 | AD7: =Alien3!G30 -> 0
A8: =Alien3!H1 -> 0 | B8: =Alien3!H2 -> 0 | C8: =Alien3!H3 -> 1 | D8: =Alien3!H4 -> 3 | E8: =Alien3!H5 -> 3 | F8: =Alien3!H6 -> 3 | G8: =Alien3!H7 -> 3 | H8: =Alien3!H8 -> 3 | I8: =Alien3!H9 -> 3 | J8: =Alien3!H10 -> 3 | K8: =Alien3!H11 -> 3 | L8: =Alien3!H12 -> 1 | M8: =Alien3!H13 -> 3 | N8: =Alien3!H14 -> 3 | O8: =Alien3!H15 -> 1 | P8: =Alien3!H16 -> 1 | Q8: =Alien3!H17 -> 2 | R8: =Alien3!H18 -> 2 | S8: =Alien3!H19 -> 1 | T8: =Alien3!H20 -> 1 | U8: =Alien3!H21 -> 1 | V8: =Alien3!H22 -> 1 | W8: =Alien3!H23 -> 3 | X8: =Alien3!H24 -> 3 | Y8: =Alien3!H25 -> 1 | Z8: =Alien3!H26 -> 1 | AA8: =Alien3!H27 -> 0 | AB8: =Alien3!H28 -> 0 | AC8: =Alien3!H29 -> 0 | AD8: =Alien3!H30 -> 0
A9: =Alien3!I1 -> 0 | B9: =Alien3!I2 -> 0 | C9: =Alien3!I3 -> 1 | D9: =Alien3!I4 -> 3 | E9: =Alien3!I5 -> 3 | F9: =Alien3!I6 -> 3 | G9: =Alien3!I7 -> 3 | H9: =Alien3!I8 -> 3 | I9: =Alien3!I9 -> 3 | J9: =Alien3!I10 -> 3 | K9: =Alien3!I11 -> 3 | L9: =Alien3!I12 -> 3 | M9: =Alien3!I13 -> 1 | N9: =Alien3!I14 -> 3 | O9: =Alien3!I15 -> 3 | P9: =Alien3!I16 -> 1 | Q9: =Alien3!I17 -> 1 | R9: =Alien3!I18 -> 2 | S9: =Alien3!I19 -> 2 | T9: =Alien3!I20 -> 1 | U9: =Alien3!I21 -> 1 | V9: =Alien3!I22 -> 1 | W9: =Alien3!I23 -> 1 | X9: =Alien3!I24 -> 3 | Y9: =Alien3!I25 -> 3 | Z9: =Alien3!I26 -> 1 | AA9: =Alien3!I27 -> 1 | AB9: =Alien3!I28 -> 0 | AC9: =Alien3!I29 -> 0 | AD9: =Alien3!I30 -> 0
A10: =Alien3!J1 -> 0 | B10: =Alien3!J2 -> 0 | C10: =Alien3!J3 -> 1 | D10: =Alien3!J4 -> 3 | E10: =Alien3!J5 -> 3 | F10: =Alien3!J6 -> 3 | G10: =Alien3!J7 -> 3 | H10: =Alien3!J8 -> 3 | I10: =Alien3!J9 -> 3 | J10: =Alien3!J10 -> 3 | K10: =Alien3!J11 -> 3 | L10: =Alien3!J12 -> 3 | M10: =Alien3!J13 -> 3 | N10: =Alien3!J14 -> 1 | O10: =Alien3!J15 -> 3 | P10: =Alien3!J16 -> 3 | Q10: =Alien3!J17 -> 1 | R10: =Alien3!J18 -> 1 | S10: =Alien3!J19 -> 2 | T10: =Alien3!J20 -> 2 | U10: =Alien3!J21 -> 1 | V10: =Alien3!J22 -> 1 | W10: =Alien3!J23 -> 1 | X10: =Alien3!J24 -> 1 | Y10: =Alien3!J25 -> 3 | Z10: =Alien3!J26 -> 3 | AA10: =Alien3!J27 -> 1 | AB10: =Alien3!J28 -> 1 | AC10: =Alien3!J29 -> 0 | AD10: =Alien3!J30 -> 0
A11: =Alien3!K1 -> 0 | B11: =Alien3!K2 -> 1 | C11: =Alien3!K3 -> 3 | D11: =Alien3!K4 -> 3 | E11: =Alien3!K5 -> 3 | F11: =Alien3!K6 -> 3 | G11: =Alien3!K7 -> 3 | H11: =Alien3!K8 -> 3 | I11: =Alien3!K9 -> 3 | J11: =Alien3!K10 -> 3 | K11: =Alien3!K11 -> 3 | L11: =Alien3!K12 -> 3 | M11: =Alien3!K13 -> 3 | N11: =Alien3!K14 -> 3 | O11: =Alien3!K15 -> 1 | P11: =Alien3!K16 -> 3 | Q11: =Alien3!K17 -> 3 | R11: =Alien3!K18 -> 1 | S11: =Alien3!K19 -> 1 | T11: =Alien3!K20 -> 2 | U11: =Alien3!K21 -> 1 | V11: =Alien3!K22 -> 1 | W11: =Alien3!K23 -> 1 | X11: =Alien3!K24 -> 3 | Y11: =Alien3!K25 -> 3 | Z11: =Alien3!K26 -> 3 | AA11: =Alien3!K27 -> 3 | AB11: =Alien3!K28 -> 1 | AC11: =Alien3!K29 -> 1 | AD11: =Alien3!K30 -> 0
A12: =Alien3!L1 -> 0 | B12: =Alien3!L2 -> 1 | C12: =Alien3!L3 -> 3 | D12: =Alien3!L4 -> 3 | E12: =Alien3!L5 -> 3 | F12: =Alien3!L6 -> 3 | G12: =Alien3!L7 -> 3 | H12: =Alien3!L8 -> 3 | I12: =Alien3!L9 -> 3 | J12: =Alien3!L10 -> 3 | K12: =Alien3!L11 -> 3 | L12: =Alien3!L12 -> 3 | M12: =Alien3!L13 -> 3 | N12: =Alien3!L14 -> 3 | O12: =Alien3!L15 -> 3 | P12: =Alien3!L16 -> 1 | Q12: =Alien3!L17 -> 3 | R12: =Alien3!L18 -> 3 | S12: =Alien3!L19 -> 1 | T12: =Alien3!L20 -> 1 | U12: =Alien3!L21 -> 1 | V12: =Alien3!L22 -> 1 | W12: =Alien3!L23 -> 3 | X12: =Alien3!L24 -> 3 | Y12: =Alien3!L25 -> 3 | Z12: =Alien3!L26 -> 0 | AA12: =Alien3!L27 -> 3 | AB12: =Alien3!L28 -> 3 | AC12: =Alien3!L29 -> 1 | AD12: =Alien3!L30 -> 1
A13: =Alien3!M1 -> 0 | B13: =Alien3!M2 -> 1 | C13: =Alien3!M3 -> 3 | D13: =Alien3!M4 -> 3 | E13: =Alien3!M5 -> 3 | F13: =Alien3!M6 -> 3 | G13: =Alien3!M7 -> 3 | H13: =Alien3!M8 -> 3 | I13: =Alien3!M9 -> 3 | J13: =Alien3!M10 -> 3 | K13: =Alien3!M11 -> 3 | L13: =Alien3!M12 -> 3 | M13: =Alien3!M13 -> 3 | N13: =Alien3!M14 -> 3 | O13: =Alien3!M15 -> 3 | P13: =Alien3!M16 -> 3 | Q13: =Alien3!M17 -> 1 | R13: =Alien3!M18 -> 3 | S13: =Alien3!M19 -> 3 | T13: =Alien3!M20 -> 1 | U13: =Alien3!M21 -> 1 | V13: =Alien3!M22 -> 3 | W13: =Alien3!M23 -> 3 | X13: =Alien3!M24 -> 3 | Y13: =Alien3!M25 -> 3 | Z13: =Alien3!M26 -> 3 | AA13: =Alien3!M27 -> 0 | AB13: =Alien3!M28 -> 3 | AC13: =Alien3!M29 -> 3 | AD13: =Alien3!M30 -> 1
A14: =Alien3!N1 -> 0 | B14: =Alien3!N2 -> 1 | C14: =Alien3!N3 -> 3 | D14: =Alien3!N4 -> 3 | E14: =Alien3!N5 -> 3 | F14: =Alien3!N6 -> 3 | G14: =Alien3!N7 -> 3 | H14: =Alien3!N8 -> 3 | I14: =Alien3!N9 -> 3 | J14: =Alien3!N10 -> 3 | K14: =Alien3!N11 -> 3 | L14: =Alien3!N12 -> 3 | M14: =Alien3!N13 -> 3 | N14: =Alien3!N14 -> 3 | O14: =Alien3!N15 -> 3 | P14: =Alien3!N16 -> 3 | Q14: =Alien3!N17 -> 3 | R14: =Alien3!N18 -> 1 | S14: =Alien3!N19 -> 3 | T14: =Alien3!N20 -> 3 | U14: =Alien3!N21 -> 3 | V14: =Alien3!N22 -> 3 | W14: =Alien3!N23 -> 3 | X14: =Alien3!N24 -> 3 | Y14: =Alien3!N25 -> 3 | Z14: =Alien3!N26 -> 3 | AA14: =Alien3!N27 -> 0 | AB14: =Alien3!N28 -> 3 | AC14: =Alien3!N29 -> 3 | AD14: =Alien3!N30 -> 1
A15: =Alien3!O1 -> 0 | B15: =Alien3!O2 -> 1 | C15: =Alien3!O3 -> 3 | D15: =Alien3!O4 -> 3 | E15: =Alien3!O5 -> 3 | F15: =Alien3!O6 -> 3 | G15: =Alien3!O7 -> 3 | H15: =Alien3!O8 -> 3 | I15: =Alien3!O9 -> 3 | J15: =Alien3!O10 -> 3 | K15: =Alien3!O11 -> 3 | L15: =Alien3!O12 -> 3 | M15: =Alien3!O13 -> 3 | N15: =Alien3!O14 -> 3 | O15: =Alien3!O15 -> 3 | P15: =Alien3!O16 -> 3 | Q15: =Alien3!O17 -> 3 | R15: =Alien3!O18 -> 3 | S15: =Alien3!O19 -> 3 | T15: =Alien3!O20 -> 3 | U15: =Alien3!O21 -> 3 | V15: =Alien3!O22 -> 3 | W15: =Alien3!O23 -> 3 | X15: =Alien3!O24 -> 3 | Y15: =Alien3!O25 -> 3 | Z15: =Alien3!O26 -> 3 | AA15: =Alien3!O27 -> 0 | AB15: =Alien3!O28 -> 3 | AC15: =Alien3!O29 -> 3 | AD15: =Alien3!O30 -> 1
A16: =Alien3!P1 -> 0 | B16: =Alien3!P2 -> 1 | C16: =Alien3!P3 -> 3 | D16: =Alien3!P4 -> 3 | E16: =Alien3!P5 -> 3 | F16: =Alien3!P6 -> 3 | G16: =Alien3!P7 -> 3 | H16: =Alien3!P8 -> 3 | I16: =Alien3!P9 -> 3 | J16: =Alien3!P10 -> 3 | K16: =Alien3!P11 -> 3 | L16: =Alien3!P12 -> 3 | M16: =Alien3!P13 -> 3 | N16: =Alien3!P14 -> 3 | O16: =Alien3!P15 -> 3 | P16: =Alien3!P16 -> 3 | Q16: =Alien3!P17 -> 3 | R16: =Alien3!P18 -> 3 | S16: =Alien3!P19 -> 3 | T16: =Alien3!P20 -> 3 | U16: =Alien3!P21 -> 3 | V16: =Alien3!P22 -> 3 | W16: =Alien3!P23 -> 3 | X16: =Alien3!P24 -> 4 | Y16: =Alien3!P25 -> 3 | Z16: =Alien3!P26 -> 3 | AA16: =Alien3!P27 -> 0 | AB16: =Alien3!P28 -> 3 | AC16: =Alien3!P29 -> 3 | AD16: =Alien3!P30 -> 1
A17: =Alien3!Q1 -> 0 | B17: =Alien3!Q2 -> 1 | C17: =Alien3!Q3 -> 3 | D17: =Alien3!Q4 -> 3 | E17: =Alien3!Q5 -> 3 | F17: =Alien3!Q6 -> 3 | G17: =Alien3!Q7 -> 3 | H17: =Alien3!Q8 -> 3 | I17: =Alien3!Q9 -> 3 | J17: =Alien3!Q10 -> 3 | K17: =Alien3!Q11 -> 3 | L17: =Alien3!Q12 -> 3 | M17: =Alien3!Q13 -> 3 | N17: =Alien3!Q14 -> 3 | O17: =Alien3!Q15 -> 3 | P17: =Alien3!Q16 -> 3 | Q17: =Alien3!Q17 -> 3 | R17: =Alien3!Q18 -> 3 | S17: =Alien3!Q19 -> 3 | T17: =Alien3!Q20 -> 3 | U17: =Alien3!Q21 -> 3 | V17: =Alien3!Q22 -> 3 | W17: =Alien3!Q23 -> 3 | X17: =Alien3!Q24 -> 4 | Y17: =Alien3!Q25 -> 3 | Z17: =Alien3!Q26 -> 3 | AA17: =Alien3!Q27 -> 0 | AB17: =Alien3!Q28 -> 3 | AC17: =Alien3!Q29 -> 3 | AD17: =Alien3!Q30 -> 1
A18: =Alien3!R1 -> 0 | B18: =Alien3!R2 -> 1 | C18: =Alien3!R3 -> 3 | D18: =Alien3!R4 -> 3 | E18: =Alien3!R5 -> 3 | F18: =Alien3!R6 -> 3 | G18: =Alien3!R7 -> 3 | H18: =Alien3!R8 -> 3 | I18: =Alien3!R9 -> 3 | J18: =Alien3!R10 -> 3 | K18: =Alien3!R11 -> 3 | L18: =Alien3!R12 -> 3 | M18: =Alien3!R13 -> 3 | N18: =Alien3!R14 -> 3 | O18: =Alien3!R15 -> 3 | P18: =Alien3!R16 -> 3 | Q18: =Alien3!R17 -> 3 | R18: =Alien3!R18 -> 1 | S18: =Alien3!R19 -> 3 | T18: =Alien3!R20 -> 3 | U18: =Alien3!R21 -> 3 | V18: =Alien3!R22 -> 3 | W18: =Alien3!R23 -> 3 | X18: =Alien3!R24 -> 3 | Y18: =Alien3!R25 -> 3 | Z18: =Alien3!R26 -> 3 | AA18: =Alien3!R27 -> 0 | AB18: =Alien3!R28 -> 3 | AC18: =Alien3!R29 -> 3 | AD18: =Alien3!R30 -> 1
A19: =Alien3!S1 -> 0 | B19: =Alien3!S2 -> 1 | C19: =Alien3!S3 -> 3 | D19: =Alien3!S4 -> 3 | E19: =Alien3!S5 -> 3 | F19: =Alien3!S6 -> 3 | G19: =Alien3!S7 -> 3 | H19: =Alien3!S8 -> 3 | I19: =Alien3!S9 -> 3 | J19: =Alien3!S10 -> 3 | K19: =Alien3!S11 -> 3 | L19: =Alien3!S12 -> 3 | M19: =Alien3!S13 -> 3 | N19: =Alien3!S14 -> 3 | O19: =Alien3!S15 -> 3 | P19: =Alien3!S16 -> 3 | Q19: =Alien3!S17 -> 1 | R19: =Alien3!S18 -> 3 | S19: =Alien3!S19 -> 3 | T19: =Alien3!S20 -> 1 | U19: =Alien3!S21 -> 1 | V19: =Alien3!S22 -> 3 | W19: =Alien3!S23 -> 3 | X19: =Alien3!S24 -> 3 | Y19: =Alien3!S25 -> 3 | Z19: =Alien3!S26 -> 3 | AA19: =Alien3!S27 -> 0 | AB19: =Alien3!S28 -> 3 | AC19: =Alien3!S29 -> 3 | AD19: =Alien3!S30 -> 1
A20: =Alien3!T1 -> 0 | B20: =Alien3!T2 -> 1 | C20: =Alien3!T3 -> 3 | D20: =Alien3!T4 -> 3 | E20: =Alien3!T5 -> 3 | F20: =Alien3!T6 -> 3 | G20: =Alien3!T7 -> 3 | H20: =Alien3!T8 -> 3 | I20: =Alien3!T9 -> 3 | J20: =Alien3!T10 -> 3 | K20: =Alien3!T11 -> 3 | L20: =Alien3!T12 -> 3 | M20: =Alien3!T13 -> 3 | N20: =Alien3!T14 -> 3 | O20: =Alien3!T15 -> 3 | P20: =Alien3!T16 -> 1 | Q20: =Alien3!T17 -> 3 | R20: =Alien3!T18 -> 3 | S20: =Alien3!T19 -> 1 | T20: =Alien3!T20 -> 1 | U20: =Alien3!T21 -> 1 | V20: =Alien3!T22 -> 3 | W20: =Alien3!T23 -> 3 | X20: =Alien3!T24 -> 3 | Y20: =Alien3!T25 -> 3 | Z20: =Alien3!T26 -> 3 | AA20: =Alien3!T27 -> 0 | AB20: =Alien3!T28 -> 3 | AC20: =Alien3!T29 -> 3 | AD20: =Alien3!T30 -> 1
A21: =Alien3!U1 -> 0 | B21: =Alien3!U2 -> 1 | C21: =Alien3!U3 -> 3 | D21: =Alien3!U4 -> 3 | E21: =Alien3!U5 -> 3 | F21: =Alien3!U6 -> 3 | G21: =Alien3!U7 -> 3 | H21: =Alien3!U8 -> 3 | I21: =Alien3!U9 -> 3 | J21: =Alien3!U10 -> 3 | K21: =Alien3!U11 -> 3 | L21: =Alien3!U12 -> 3 | M21: =Alien3!U13 -> 3 | N21: =Alien3!U14 -> 3 | O21: =Alien3!U15 -> 1 | P21: =Alien3!U16 -> 3 | Q21: =Alien3!U17 -> 3 | R21: =Alien3!U18 -> 1 | S21: =Alien3!U19 -> 1 | T21: =Alien3!U20 -> 2 | U21: =Alien3!U21 -> 1 | V21: =Alien3!U22 -> 1 | W21: =Alien3!U23 -> 3 | X21: =Alien3!U24 -> 3 | Y21: =Alien3!U25 -> 3 | Z21: =Alien3!U26 -> 0 | AA21: =Alien3!U27 -> 3 | AB21: =Alien3!U28 -> 3 | AC21: =Alien3!U29 -> 1 | AD21: =Alien3!U30 -> 1
A22: =Alien3!V1 -> 0 | B22: =Alien3!V2 -> 1 | C22: =Alien3!V3 -> 3 | D22: =Alien3!V4 -> 3 | E22: =Alien3!V5 -> 3 | F22: =Alien3!V6 -> 3 | G22: =Alien3!V7 -> 3 | H22: =Alien3!V8 -> 3 | I22: =Alien3!V9 -> 3 | J22: =Alien3!V10 -> 3 | K22: =Alien3!V11 -> 3 | L22: =Alien3!V12 -> 3 | M22: =Alien3!V13 -> 3 | N22: =Alien3!V14 -> 1 | O22: =Alien3!V15 -> 3 | P22: =Alien3!V16 -> 3 | Q22: =Alien3!V17 -> 1 | R22: =Alien3!V18 -> 1 | S22: =Alien3!V19 -> 2 | T22: =Alien3!V20 -> 2 | U22: =Alien3!V21 -> 1 | V22: =Alien3!V22 -> 1 | W22: =Alien3!V23 -> 1 | X22: =Alien3!V24 -> 3 | Y22: =Alien3!V25 -> 3 | Z22: =Alien3!V26 -> 3 | AA22: =Alien3!V27 -> 3 | AB22: =Alien3!V28 -> 1 | AC22: =Alien3!V29 -> 1 | AD22: =Alien3!V30 -> 0
A23: =Alien3!W1 -> 0 | B23: =Alien3!W2 -> 1 | C23: =Alien3!W3 -> 3 | D23: =Alien3!W4 -> 3 | E23: =Alien3!W5 -> 3 | F23: =Alien3!W6 -> 3 | G23: =Alien3!W7 -> 3 | H23: =Alien3!W8 -> 3 | I23: =Alien3!W9 -> 3 | J23: =Alien3!W10 -> 3 | K23: =Alien3!W11 -> 3 | L23: =Alien3!W12 -> 3 | M23: =Alien3!W13 -> 1 | N23: =Alien3!W14 -> 3 | O23: =Alien3!W15 -> 3 | P23: =Alien3!W16 -> 1 | Q23: =Alien3!W17 -> 1 | R23: =Alien3!W18 -> 2 | S23: =Alien3!W19 -> 2 | T23: =Alien3!W20 -> 1 | U23: =Alien3!W21 -> 1 | V23: =Alien3!W22 -> 1 | W23: =Alien3!W23 -> 1 | X23: =Alien3!W24 -> 1 | Y23: =Alien3!W25 -> 3 | Z23: =Alien3!W26 -> 3 | AA23: =Alien3!W27 -> 1 | AB23: =Alien3!W28 -> 1 | AC23: =Alien3!W29 -> 0 | AD23: =Alien3!W30 -> 0
A24: =Alien3!X1 -> 0 | B24: =Alien3!X2 -> 0 | C24: =Alien3!X3 -> 1 | D24: =Alien3!X4 -> 3 | E24: =Alien3!X5 -> 3 | F24: =Alien3!X6 -> 3 | G24: =Alien3!X7 -> 3 | H24: =Alien3!X8 -> 3 | I24: =Alien3!X9 -> 3 | J24: =Alien3!X10 -> 3 | K24: =Alien3!X11 -> 3 | L24: =Alien3!X12 -> 1 | M24: =Alien3!X13 -> 3 | N24: =Alien3!X14 -> 3 | O24: =Alien3!X15 -> 1 | P24: =Alien3!X16 -> 1 | Q24: =Alien3!X17 -> 2 | R24: =Alien3!X18 -> 2 | S24: =Alien3!X19 -> 1 | T24: =Alien3!X20 -> 1 | U24: =Alien3!X21 -> 1 | V24: =Alien3!X22 -> 1 | W24: =Alien3!X23 -> 1 | X24: =Alien3!X24 -> 3 | Y24: =Alien3!X25 -> 3 | Z24: =Alien3!X26 -> 1 | AA24: =Alien3!X27 -> 1 | AB24: =Alien3!X28 -> 0 | AC24: =Alien3!X29 -> 0 | AD24: =Alien3!X30 -> 0
A25: =Alien3!Y1 -> 0 | B25: =Alien3!Y2 -> 0 | C25: =Alien3!Y3 -> 1 | D25: =Alien3!Y4 -> 3 | E25: =Alien3!Y5 -> 3 | F25: =Alien3!Y6 -> 3 | G25: =Alien3!Y7 -> 3 | H25: =Alien3!Y8 -> 3 | I25: =Alien3!Y9 -> 3 | J25: =Alien3!Y10 -> 3 | K25: =Alien3!Y11 -> 3 | L25: =Alien3!Y12 -> 3 | M25: =Alien3!Y13 -> 3 | N25: =Alien3!Y14 -> 3 | O25: =Alien3!Y15 -> 1 | P25: =Alien3!Y16 -> 2 | Q25: =Alien3!Y17 -> 2 | R25: =Alien3!Y18 -> 1 | S25: =Alien3!Y19 -> 1 | T25: =Alien3!Y20 -> 1 | U25: =Alien3!Y21 -> 1 | V25: =Alien3!Y22 -> 1 | W25: =Alien3!Y23 -> 3 | X25: =Alien3!Y24 -> 3 | Y25: =Alien3!Y25 -> 1 | Z25: =Alien3!Y26 -> 1 | AA25: =Alien3!Y27 -> 0 | AB25: =Alien3!Y28 -> 0 | AC25: =Alien3!Y29 -> 0 | AD25: =Alien3!Y30 -> 0
A26: =Alien3!Z1 -> 0 | B26: =Alien3!Z2 -> 0 | C26: =Alien3!Z3 -> 1 | D26: =Alien3!Z4 -> 3 | E26: =Alien3!Z5 -> 3 | F26: =Alien3!Z6 -> 3 | G26: =Alien3!Z7 -> 3 | H26: =Alien3!Z8 -> 3 | I26: =Alien3!Z9 -> 3 | J26: =Alien3!Z10 -> 3 | K26: =Alien3!Z11 -> 3 | L26: =Alien3!Z12 -> 3 | M26: =Alien3!Z13 -> 3 | N26: =Alien3!Z14 -> 1 | O26: =Alien3!Z15 -> 1 | P26: =Alien3!Z16 -> 1 | Q26: =Alien3!Z17 -> 1 | R26: =Alien3!Z18 -> 1 | S26: =Alien3!Z19 -> 1 | T26: =Alien3!Z20 -> 1 | U26: =Alien3!Z21 -> 1 | V26: =Alien3!Z22 -> 3 | W26: =Alien3!Z23 -> 3 | X26: =Alien3!Z24 -> 1 | Y26: =Alien3!Z25 -> 1 | Z26: =Alien3!Z26 -> 0 | AA26: =Alien3!Z27 -> 0 | AB26: =Alien3!Z28 -> 0 | AC26: =Alien3!Z29 -> 0 | AD26: =Alien3!Z30 -> 0
A27: =Alien3!AA1 -> 0 | B27: =Alien3!AA2 -> 0 | C27: =Alien3!AA3 -> 1 | D27: =Alien3!AA4 -> 1 | E27: =Alien3!AA5 -> 3 | F27: =Alien3!AA6 -> 3 | G27: =Alien3!AA7 -> 3 | H27: =Alien3!AA8 -> 3 | I27: =Alien3!AA9 -> 3 | J27: =Alien3!AA10 -> 3 | K27: =Alien3!AA11 -> 3 | L27: =Alien3!AA12 -> 3 | M27: =Alien3!AA13 -> 3 | N27: =Alien3!AA14 -> 3 | O27: =Alien3!AA15 -> 3 | P27: =Alien3!AA16 -> 3 | Q27: =Alien3!AA17 -> 3 | R27: =Alien3!AA18 -> 3 | S27: =Alien3!AA19 -> 3 | T27: =Alien3!AA20 -> 3 | U27: =Alien3!AA21 -> 3 | V27: =Alien3!AA22 -> 3 | W27: =Alien3!AA23 -> 1 | X27: =Alien3!AA24 -> 1 | Y27: =Alien3!AA25 -> 0 | Z27: =Alien3!AA26 -> 0 | AA27: =Alien3!AA27 -> 0 | AB27: =Alien3!AA28 -> 0 | AC27: =Alien3!AA29 -> 0 | AD27: =Alien3!AA30 -> 0
A28: =Alien3!AB1 -> 0 | B28: =Alien3!AB2 -> 0 | C28: =Alien3!AB3 -> 0 | D28: =Alien3!AB4 -> 1 | E28: =Alien3!AB5 -> 1 | F28: =Alien3!AB6 -> 1 | G28: =Alien3!AB7 -> 1 | H28: =Alien3!AB8 -> 3 | I28: =Alien3!AB9 -> 3 | J28: =Alien3!AB10 -> 3 | K28: =Alien3!AB11 -> 3 | L28: =Alien3!AB12 -> 3 | M28: =Alien3!AB13 -> 3 | N28: =Alien3!AB14 -> 3 | O28: =Alien3!AB15 -> 3 | P28: =Alien3!AB16 -> 3 | Q28: =Alien3!AB17 -> 3 | R28: =Alien3!AB18 -> 3 | S28: =Alien3!AB19 -> 3 | T28: =Alien3!AB20 -> 3 | U28: =Alien3!AB21 -> 3 | V28: =Alien3!AB22 -> 1 | W28: =Alien3!AB23 -> 1 | X28: =Alien3!AB24 -> 0 | Y28: =Alien3!AB25 -> 0 | Z28: =Alien3!AB26 -> 0 | AA28: =Alien3!AB27 -> 0 | AB28: =Alien3!AB28 -> 0 | AC28: =Alien3!AB29 -> 0 | AD28: =Alien3!AB30 -> 0
A29: =Alien3!AC1 -> 0 | B29: =Alien3!AC2 -> 0 | C29: =Alien3!AC3 -> 0 | D29: =Alien3!AC4 -> 0 | E29: =Alien3!AC5 -> 0 | F29: =Alien3!AC6 -> 0 | G29: =Alien3!AC7 -> 1 | H29: =Alien3!AC8 -> 1 | I29: =Alien3!AC9 -> 1 | J29: =Alien3!AC10 -> 1 | K29: =Alien3!AC11 -> 3 | L29: =Alien3!AC12 -> 3 | M29: =Alien3!AC13 -> 3 | N29: =Alien3!AC14 -> 3 | O29: =Alien3!AC15 -> 3 | P29: =Alien3!AC16 -> 3 | Q29: =Alien3!AC17 -> 3 | R29: =Alien3!AC18 -> 3 | S29: =Alien3!AC19 -> 3 | T29: =Alien3!AC20 -> 3 | U29: =Alien3!AC21 -> 1 | V29: =Alien3!AC22 -> 1 | W29: =Alien3!AC23 -> 0 | X29: =Alien3!AC24 -> 0 | Y29: =Alien3!AC25 -> 0 | Z29: =Alien3!AC26 -> 0 | AA29: =Alien3!AC27 -> 0 | AB29: =Alien3!AC28 -> 0 | AC29: =Alien3!AC29 -> 0 | AD29: =Alien3!AC30 -> 0
A30: =Alien3!AD1 -> 0 | B30: =Alien3!AD2 -> 0 | C30: =Alien3!AD3 -> 0 | D30: =Alien3!AD4 -> 0 | E30: =Alien3!AD5 -> 0 | F30: =Alien3!AD6 -> 0 | G30: =Alien3!AD7 -> 0 | H30: =Alien3!AD8 -> 0 | I30: =Alien3!AD9 -> 0 | J30: =Alien3!AD10 -> 1 | K30: =Alien3!AD11 -> 1 | L30: =Alien3!AD12 -> 1 | M30: =Alien3!AD13 -> 1 | N30: =Alien3!AD14 -> 1 | O30: =Alien3!AD15 -> 1 | P30: =Alien3!AD16 -> 1 | Q30: =Alien3!AD17 -> 1 | R30: =Alien3!AD18 -> 1 | S30: =Alien3!AD19 -> 1 | T30: =Alien3!AD20 -> 1 | U30: =Alien3!AD21 -> 1 | V30: =Alien3!AD22 -> 0 | W30: =Alien3!AD23 -> 0 | X30: =Alien3!AD24 -> 0 | Y30: =Alien3!AD25 -> 0 | Z30: =Alien3!AD26 -> 0 | AA30: =Alien3!AD27 -> 0 | AB30: =Alien3!AD28 -> 0 | AC30: =Alien3!AD29 -> 0 | AD30: =Alien3!AD30 -> 0

Sheet Navi4
A1: 0 | B1: 0 | C1: 0 | D1: 0 | E1: 0 | F1: 0 | G1: 0 | H1: 0 | I1: 0 | J1: 0 | K1: 0 | L1: 0 | M1: 0 | N1: 0 | O1: 0 | P1: 0 | Q1: 0 | R1: 0 | S1: 0 | T1: 0 | U1: 0 | V1: 0 | W1: 0 | X1: 0 | Y1: 0 | Z1: 0 | AA1: 0 | AB1: 0 | AC1: 0 | AD1: 0
A2: 0 | B2: 0 | C2: 0 | D2: 0 | E2: 0 | F2: 0 | G2: 0 | H2: 0 | I2: 0 | J2: 0 | K2: 0 | L2: 0 | M2: 0 | N2: 0 | O2: 0 | P2: 0 | Q2: 0 | R2: 0 | S2: 0 | T2: 0 | U2: 0 | V2: 0 | W2: 0 | X2: 0 | Y2: 0 | Z2: 0 | AA2: 0 | AB2: 0 | AC2: 0 | AD2: 0
A3: 0 | B3: 0 | C3: 0 | D3: 0 | E3: 0 | F3: 0 | G3: 0 | H3: 0 | I3: 0 | J3: 0 | K3: 0 | L3: 0 | M3: 0 | N3: 0 | O3: 0 | P3: 0 | Q3: 0 | R3: 0 | S3: 0 | T3: 0 | U3: 0 | V3: 0 | W3: 0 | X3: 0 | Y3: 0 | Z3: 0 | AA3: 0 | AB3: 0 | AC3: 0 | AD3: 0
A4: 0 | B4: 0 | C4: 0 | D4: 0 | E4: 0 | F4: 0 | G4: 0 | H4: 0 | I4: 0 | J4: 0 | K4: 0 | L4: 0 | M4: 0 | N4: 0 | O4: 0 | P4: 0 | Q4: 0 | R4: 0 | S4: 0 | T4: 0 | U4: 0 | V4: 0 | W4: 0 | X4: 0 | Y4: 0 | Z4: 0 | AA4: 0 | AB4: 0 | AC4: 0 | AD4: 0
A5: 0 | B5: 0 | C5: 0 | D5: 0 | E5: 0 | F5: 0 | G5: 0 | H5: 0 | I5: 0 | J5: 0 | K5: 0 | L5: 0 | M5: 1 | N5: 1 | O5: 1 | P5: 1 | Q5: 1 | R5: 1 | S5: 0 | T5: 0 | U5: 0 | V5: 0 | W5: 0 | X5: 0 | Y5: 0 | Z5: 0 | AA5: 0 | AB5: 0 | AC5: 0 | AD5: 0
A6: 0 | B6: 0 | C6: 0 | D6: 0 | E6: 0 | F6: 0 | G6: 0 | H6: 0 | I6: 0 | J6: 0 | K6: 1 | L6: 1 | M6: 2 | N6: 2 | O6: 2 | P6: 2 | Q6: 2 | R6: 2 | S6: 1 | T6: 1 | U6: 0 | V6: 0 | W6: 0 | X6: 0 | Y6: 0 | Z6: 0 | AA6: 0 | AB6: 0 | AC6: 0 | AD6: 0
A7: 0 | B7: 0 | C7: 0 | D7: 0 | E7: 0 | F7: 0 | G7: 0 | H7: 0 | I7: 1 | J7: 1 | K7: 2 | L7: 2 | M7: 2 | N7: 2 | O7: 2 | P7: 2 | Q7: 2 | R7: 2 | S7: 2 | T7: 2 | U7: 1 | V7: 1 | W7: 0 | X7: 0 | Y7: 0 | Z7: 0 | AA7: 0 | AB7: 0 | AC7: 0 | AD7: 0
A8: 0 | B8: 0 | C8: 0 | D8: 0 | E8: 0 | F8: 0 | G8: 1 | H8: 1 | I8: 2 | J8: 2 | K8: 2 | L8: 2 | M8: 2 | N8: 2 | O8: 2 | P8: 2 | Q8: 2 | R8: 2 | S8: 2 | T8: 2 | U8: 2 | V8: 2 | W8: 1 | X8: 1 | Y8: 0 | Z8: 0 | AA8: 0 | AB8: 0 | AC8: 0 | AD8: 0
A9: 0 | B9: 0 | C9: 0 | D9: 0 | E9: 1 | F9: 1 | G9: 2 | H9: 2 | I9: 2 | J9: 2 | K9: 2 | L9: 2 | M9: 2 | N9: 2 | O9: 2 | P9: 2 | Q9: 2 | R9: 2 | S9: 2 | T9: 2 | U9: 2 | V9: 2 | W9: 2 | X9: 2 | Y9: 1 | Z9: 1 | AA9: 0 | AB9: 0 | AC9: 0 | AD9: 0
A10: 0 | B10: 0 | C10: 1 | D10: 1 | E10: 2 | F10: 2 | G10: 2 | H10: 2 | I10: 2 | J10: 2 | K10: 2 | L10: 2 | M10: 2 | N10: 2 | O10: 2 | P10: 2 | Q10: 2 | R10: 2 | S10: 2 | T10: 2 | U10: 2 | V10: 2 | W10: 2 | X10: 2 | Y10: 2 | Z10: 1 | AA10: 0 | AB10: 0 | AC10: 0 | AD10: 0
A11: 0 | B11: 0 | C11: 1 | D11: 2 | E11: 2 | F11: 2 | G11: 2 | H11: 2 | I11: 2 | J11: 2 | K11: 2 | L11: 2 | M11: 2 | N11: 2 | O11: 2 | P11: 2 | Q11: 2 | R11: 2 | S11: 2 | T11: 2 | U11: 2 | V11: 2 | W11: 2 | X11: 2 | Y11: 2 | Z11: 1 | AA11: 0 | AB11: 0 | AC11: 0 | AD11: 0
A12: 0 | B12: 0 | C12: 1 | D12: 2 | E12: 2 | F12: 2 | G12: 2 | H12: 2 | I12: 2 | J12: 2 | K12: 2 | L12: 2 | M12: 2 | N12: 2 | O12: 2 | P12: 2 | Q12: 2 | R12: 2 | S12: 2 | T12: 2 | U12: 2 | V12: 1 | W12: 1 | X12: 2 | Y12: 2 | Z12: 1 | AA12: 0 | AB12: 0 | AC12: 0 | AD12: 0
... A27: 0 | B27: 0 | C27: 0 | D27: 0 | E27: 0 | F27: 1 | G27: 0 | H27: 0 | I27: 0 | J27: 0 | K27: 0 | L27: 0 | M27: 0 | N27: 0 | O27: 0 | P27: 0 | Q27: 1 | R27: 0 | S27: 0 | T27: 0 | U27: 0 | V27: 0 | W27: 0 | X27: 0 | Y27: 0 | Z27: 0 | AA27: 0 | AB27: 0 | AC27: 0 | AD27: 0
A28: 0 | B28: 0 | C28: 0 | D28: 0 | E28: 0 | F28: 0 | G28: 1 | H28: 1 | I28: 1 | J28: 1 | K28: 1 | L28: 1 | M28: 1 | N28: 1 | O28: 1 | P28: 1 | Q28: 0 | R28: 0 | S28: 0 | T28: 0 | U28: 0 | V28: 0 | W28: 0 | X28: 0 | Y28: 0 | Z28: 0 | AA28: 0 | AB28: 0 | AC28: 0 | AD28: 0 | AH28: 0 | AI28: blanco
A29: 0 | B29: 0 | C29: 0 | D29: 0 | E29: 0 | F29: 0 | G29: 0 | H29: 0 | I29: 0 | J29: 0 | K29: 0 | L29: 0 | M29: 0 | N29: 0 | O29: 0 | P29: 0 | Q29: 0 | R29: 0 | S29: 0 | T29: 0 | U29: 0 | V29: 0 | W29: 0 | X29: 0 | Y29: 0 | Z29: 0 | AA29: 0 | AB29: 0 | AC29: 0 | AD29: 0 | AH29: 1 | AI29: negro
A30: 0 | B30: 0 | C30: 0 | D30: 0 | E30: 0 | F30: 0 | G30: 0 | H30: 0 | I30: 0 | J30: 0 | K30: 0 | L30: 0 | M30: 0 | N30: 0 | O30: 0 | P30: 0 | Q30: 0 | R30: 0 | S30: 0 | T30: 0 | U30: 0 | V30: 0 | W30: 0 | X30: 0 | Y30: 0 | Z30: 0 | AA30: 0 | AB30: 0 | AC30: 0 | AD30: 0 | AH30: 2 | AI30: rojo
AH31: 3 | AI31: verde
AH32: 4 | AI32: gris

Sheet Navi4_T
A1: =Navi4!A1 -> 0 | B1: =Navi4!A2 -> 0 | C1: =Navi4!A3 -> 0 | D1: =Navi4!A4 -> 0 | E1: =Navi4!A5 -> 0 | F1: =Navi4!A6 -> 0 | G1: =Navi4!A7 -> 0 | H1: =Navi4!A8 -> 0 | I1: =Navi4!A9 -> 0 | J1: =Navi4!A10 -> 0 | K1: =Navi4!A11 -> 0 | L1: =Navi4!A12 -> 0 | M1: =Navi4!A13 -> 0 | N1: =Navi4!A14 -> 0 | O1: =Navi4!A15 -> 0 | P1: =Navi4!A16 -> 0 | Q1: =Navi4!A17 -> 0 | R1: =Navi4!A18 -> 0 | S1: =Navi4!A19 -> 0 | T1: =Navi4!A20 -> 0 | U1: =Navi4!A21 -> 0 | V1: =Navi4!A22 -> 0 | W1: =Navi4!A23 -> 0 | X1: =Navi4!A24 -> 0 | Y1: =Navi4!A25 -> 0 | Z1: =Navi4!A26 -> 0 | AA1: =Navi4!A27 -> 0 | AB1: =Navi4!A28 -> 0 | AC1: =Navi4!A29 -> 0 | AD1: =Navi4!A30 -> 0
A2: =Navi4!B1 -> 0 | B2: =Navi4!B2 -> 0 | C2: =Navi4!B3 -> 0 | D2: =Navi4!B4 -> 0 | E2: =Navi4!B5 -> 0 | F2: =Navi4!B6 -> 0 | G2: =Navi4!B7 -> 0 | H2: =Navi4!B8 -> 0 | I2: =Navi4!B9 -> 0 | J2: =Navi4!B10 -> 0 | K2: =Navi4!B11 -> 0 | L2: =Navi4!B12 -> 0 | M2: =Navi4!B13 -> 0 | N2: =Navi4!B14 -> 0 | O2: =Navi4!B15 -> 1 | P2: =Navi4!B16 -> 1 | Q2: =Navi4!B17 -> 1 | R2: =Navi4!B18 -> 1 | S2: =Navi4!B19 -> 1 | T2: =Navi4!B20 -> 0 | U2: =Navi4!B21 -> 0 | V2: =Navi4!B22 -> 0 | W2: =Navi4!B23 -> 0 | X2: =Navi4!B24 -> 0 | Y2: =Navi4!B25 -> 0 | Z2: =Navi4!B26 -> 0 | AA2: =Navi4!B27 -> 0 | AB2: =Navi4!B28 -> 0 | AC2: =Navi4!B29 -> 0 | AD2: =Navi4!B30 -> 0
A3: =Navi4!C1 -> 0 | B3: =Navi4!C2 -> 0 | C3: =Navi4!C3 -> 0 | D3: =Navi4!C4 -> 0 | E3: =Navi4!C5 -> 0 | F3: =Navi4!C6 -> 0 | G3: =Navi4!C7 -> 0 | H3: =Navi4!C8 -> 0 | I3: =Navi4!C9 -> 0 | J3: =Navi4!C10 -> 1 | K3: =Navi4!C11 -> 1 | L3: =Navi4!C12 -> 1 | M3: =Navi4!C13 -> 1 | N3: =Navi4!C14 -> 1 | O3: =Navi4!C15 -> 0 | P3: =Navi4!C16 -> 0 | Q3: =Navi4!C17 -> 0 | R3: =Navi4!C18 -> 0 | S3: =Navi4!C19 -> 0 | T3: =Navi4!C20 -> 1 | U3: =Navi4!C21 -> 0 | V3: =Navi4!C22 -> 0 | W3: =Navi4!C23 -> 0 | X3: =Navi4!C24 -> 0 | Y3: =Navi4!C25 -> 0 | Z3: =Navi4!C26 -> 0 | AA3: =Navi4!C27 -> 0 | AB3: =Navi4!C28 -> 0 | AC3: =Navi4!C29 -> 0 | AD3: =Navi4!C30 -> 0
A4: =Navi4!D1 -> 0 | B4: =Navi4!D2 -> 0 | C4: =Navi4!D3 -> 0 | D4: =Navi4!D4 -> 0 | E4: =Navi4!D5 -> 0 | F4: =Navi4!D6 -> 0 | G4: =Navi4!D7 -> 0 | H4: =Navi4!D8 -> 0 | I4: =Navi4!D9 -> 0 | J4: =Navi4!D10 -> 1 | K4: =Navi4!D11 -> 2 | L4: =Navi4!D12 -> 2 | M4: =Navi4!D13 -> 2 | N4: =Navi4!D14 -> 1 | O4: =Navi4!D15 -> 0 | P4: =Navi4!D16 -> 0 | Q4: =Navi4!D17 -> 0 | R4: =Navi4!D18 -> 0 | S4: =Navi4!D19 -> 0 | T4: =Navi4!D20 -> 1 | U4: =Navi4!D21 -> 1 | V4: =Navi4!D22 -> 1 | W4: =Navi4!D23 -> 1 | X4: =Navi4!D24 -> 1 | Y4: =Navi4!D25 -> 1 | Z4: =Navi4!D26 -> 0 | AA4: =Navi4!D27 -> 0 | AB4: =Navi4!D28 -> 0 | AC4: =Navi4!D29 -> 0 | AD4: =Navi4!D30 -> 0
A5: =Navi4!E1 -> 0 | B5: =Navi4!E2 -> 0 | C5: =Navi4!E3 -> 0 | D5: =Navi4!E4 -> 0 | E5: =Navi4!E5 -> 0 | F5: =Navi4!E6 -> 0 | G5: =Navi4!E7 -> 0 | H5: =Navi4!E8 -> 0 | I5: =Navi4!E9 -> 1 | J5: =Navi4!E10 -> 2 | K5: =Navi4!E11 -> 2 | L5: =Navi4!E12 -> 2 | M5: =Navi4!E13 -> 2 | N5: =Navi4!E14 -> 1 | O5: =Navi4!E15 -> 0 | P5: =Navi4!E16 -> 0 | Q5: =Navi4!E17 -> 0 | R5: =Navi4!E18 -> 0 | S5: =Navi4!E19 -> 0 | T5: =Navi4!E20 -> 1 | U5: =Navi4!E21 -> 4 | V5: =Navi4!E22 -> 4 | W5: =Navi4!E23 -> 0 | X5: =Navi4!E24 -> 0 | Y5: =Navi4!E25 -> 0 | Z5: =Navi4!E26 -> 1 | AA5: =Navi4!E27 -> 0 | AB5: =Navi4!E28 -> 0 | AC5: =Navi4!E29 -> 0 | AD5: =Navi4!E30 -> 0
A6: =Navi4!F1 -> 0 | B6: =Navi4!F2 -> 0 | C6: =Navi4!F3 -> 0 | D6: =Navi4!F4 -> 0 | E6: =Navi4!F5 -> 0 | F6: =Navi4!F6 -> 0 | G6: =Navi4!F7 -> 0 | H6: =Navi4!F8 -> 0 | I6: =Navi4!F9 -> 1 | J6: =Navi4!F10 -> 2 | K6: =Navi4!F11 -> 2 | L6: =Navi4!F12 -> 2 | M6: =Navi4!F13 -> 2 | N6: =Navi4!F14 -> 1 | O6: =Navi4!F15 -> 0 | P6: =Navi4!F16 -> 0 | Q6: =Navi4!F17 -> 0 | R6: =Navi4!F18 -> 0 | S6: =Navi4!F19 -> 0 | T6: =Navi4!F20 -> 1 | U6: =Navi4!F21 -> 4 | V6: =Navi4!F22 -> 0 | W6: =Navi4!F23 -> 0 | X6: =Navi4!F24 -> 0 | Y6: =Navi4!F25 -> 0 | Z6: =Navi4!F26 -> 0 | AA6: =Navi4!F27 -> 1 | AB6: =Navi4!F28 -> 0 | AC6: =Navi4!F29 -> 0 | AD6: =Navi4!F30 -> 0
A7: =Navi4!G1 -> 0 | B7: =Navi4!G2 -> 0 | C7: =Navi4!G3 -> 0 | D7: =Navi4!G4 -> 0 | E7: =Navi4!G5 -> 0 | F7: =Navi4!G6 -> 0 | G7: =Navi4!G7 -> 0 | H7: =Navi4!G8 -> 1 | I7: =Navi4!G9 -> 2 | J7: =Navi4!G10 -> 2 | K7: =Navi4!G11 -> 2 | L7: =Navi4!G12 -> 2 | M7: =Navi4!G13 -> 2 | N7: =Navi4!G14 -> 1 | O7: =Navi4!G15 -> 0 | P7: =Navi4!G16 -> 0 | Q7: =Navi4!G17 -> 0 | R7: =Navi4!G18 -> 0 | S7: =Navi4!G19 -> 1 | T7: =Navi4!G20 -> 4 | U7: =Navi4!G21 -> 4 | V7: =Navi4!G22 -> 0 | W7: =Navi4!G23 -> 0 | X7: =Navi4!G24 -> 0 | Y7: =Navi4!G25 -> 0 | Z7: =Navi4!G26 -> 0 | AA7: =Navi4!G27 -> 0 | AB7: =Navi4!G28 -> 1 | AC7: =Navi4!G29 -> 0 | AD7: =Navi4!G30 -> 0
A8: =Navi4!H1 -> 0 | B8: =Navi4!H2 -> 0 | C8: =Navi4!H3 -> 0 | D8: =Navi4!H4 -> 0 | E8: =Navi4!H5 -> 0 | F8: =Navi4!H6 -> 0 | G8: =Navi4!H7 -> 0 | H8: =Navi4!H8 -> 1 | I8: =Navi4!H9 -> 2 | J8: =Navi4!H10 -> 2 | K8: =Navi4!H11 -> 2 | L8: =Navi4!H12 -> 2 | M8: =Navi4!H13 -> 2 | N8: =Navi4!H14 -> 1 | O8: =Navi4!H15 -> 0 | P8: =Navi4!H16 -> 0 | Q8: =Navi4!H17 -> 0 | R8: =Navi4!H18 -> 0 | S8: =Navi4!H19 -> 1 | T8: =Navi4!H20 -> 4 | U8: =Navi4!H21 -> 4 | V8: =Navi4!H22 -> 0 | W8: =Navi4!H23 -> 0 | X8: =Navi4!H24 -> 0 | Y8: =Navi4!H25 -> 0 | Z8: =Navi4!H26 -> 0 | AA8: =Navi4!H27 -> 0 | AB8: =Navi4!H28 -> 1 | AC8: =Navi4!H29 -> 0 | AD8: =Navi4!H30 -> 0
A9: =Navi4!I1 -> 0 | B9: =Navi4!I2 -> 0 | C9: =Navi4!I3 -> 0 | D9: =Navi4!I4 -> 0 | E9: =Navi4!I5 -> 0 | F9: =Navi4!I6 -> 0 | G9: =Navi4!I7 -> 1 | H9: =Navi4!I8 -> 2 | I9: =Navi4!I9 -> 2 | J9: =Navi4!I10 -> 2 | K9: =Navi4!I11 -> 2 | L9: =Navi4!I12 -> 2 | M9: =Navi4!I13 -> 2 | N9: =Navi4!I14 -> 1 | O9: =Navi4!I15 -> 0 | P9: =Navi4!I16 -> 0 | Q9: =Navi4!I17 -> 0 | R9: =Navi4!I18 -> 0 | S9: =Navi4!I19 -> 1 | T9: =Navi4!I20 -> 1 | U9: =Navi4!I21 -> 1 | V9: =Navi4!I22 -> 1 | W9: =Navi4!I23 -> 1 | X9: =Navi4!I24 -> 0 | Y9: =Navi4!I25 -> 0 | Z9: =Navi4!I26 -> 0 | AA9: =Navi4!I27 -> 0 | AB9: =Navi4!I28 -> 1 | AC9: =Navi4!I29 -> 0 | AD9: =Navi4!I30 -> 0
A10: =Navi4!J1 -> 0 | B10: =Navi4!J2 -> 0 | C10: =Navi4!J3 -> 0 | D10: =Navi4!J4 -> 0 | E10: =Navi4!J5 -> 0 | F10: =Navi4!J6 -> 0 | G10: =Navi4!J7 -> 1 | H10: =Navi4!J8 -> 2 | I10: =Navi4!J9 -> 2 | J10: =Navi4!J10 -> 2 | K10: =Navi4!J11 -> 2 | L10: =Navi4!J12 -> 2 | M10: =Navi4!J13 -> 2 | N10: =Navi4!J14 -> 1 | O10: =Navi4!J15 -> 0 | P10: =Navi4!J16 -> 0 | Q10: =Navi4!J17 -> 0 | R10: =Navi4!J18 -> 0 | S10: =Navi4!J19 -> 1 | T10: =Navi4!J20 -> 1 | U10: =Navi4!J21 -> 1 | V10: =Navi4!J22 -> 1 | W10: =Navi4!J23 -> 1 | X10: =Navi4!J24 -> 0 | Y10: =Navi4!J25 -> 0 | Z10: =Navi4!J26 -> 0 | AA10: =Navi4!J27 -> 0 | AB10: =Navi4!J28 -> 1 | AC10: =Navi4!J29 -> 0 | AD10: =Navi4!J30 -> 0
A11: =Navi4!K1 -> 0 | B11: =Navi4!K2 -> 0 | C11: =Navi4!K3 -> 0 | D11: =Navi4!K4 -> 0 | E11: =Navi4!K5 -> 0 | F11: =Navi4!K6 -> 1 | G11: =Navi4!K7 -> 2 | H11: =Navi4!K8 -> 2 | I11: =Navi4!K9 -> 2 | J11: =Navi4!K10 -> 2 | K11: =Navi4!K11 -> 2 | L11: =Navi4!K12 -> 2 | M11: =Navi4!K13 -> 2 | N11: =Navi4!K14 -> 1 | O11: =Navi4!K15 -> 0 | P11: =Navi4!K16 -> 0 | Q11: =Navi4!K17 -> 0 | R11: =Navi4!K18 -> 0 | S11: =Navi4!K19 -> 1 | T11: =Navi4!K20 -> 4 | U11: =Navi4!K21 -> 0 | V11: =Navi4!K22 -> 0 | W11: =Navi4!K23 -> 0 | X11: =Navi4!K24 -> 0 | Y11: =Navi4!K25 -> 0 | Z11: =Navi4!K26 -> 0 | AA11: =Navi4!K27 -> 0 | AB11: =Navi4!K28 -> 1 | AC11: =Navi4!K29 -> 0 | AD11: =Navi4!K30 -> 0
A12: =Navi4!L1 -> 0 | B12: =Navi4!L2 -> 0 | C12: =Navi4!L3 -> 0 | D12: =Navi4!L4 -> 0 | E12: =Navi4!L5 -> 0 | F12: =Navi4!L6 -> 1 | G12: =Navi4!L7 -> 2 | H12: =Navi4!L8 -> 2 | I12: =Navi4!L9 -> 2 | J12: =Navi4!L10 -> 2 | K12: =Navi4!L11 -> 2 | L12: =Navi4!L12 -> 2 | M12: =Navi4!L13 -> 2 | N12: =Navi4!L14 -> 1 | O12: =Navi4!L15 -> 0 | P12: =Navi4!L16 -> 0 | Q12: =Navi4!L17 -> 0 | R12: =Navi4!L18 -> 0 | S12: =Navi4!L19 -> 1 | T12: =Navi4!L20 -> 4 | U12: =Navi4!L21 -> 0 | V12: =Navi4!L22 -> 0 | W12: =Navi4!L23 -> 0 | X12: =Navi4!L24 -> 0 | Y12: =Navi4!L25 -> 0 | Z12: =Navi4!L26 -> 0 | AA12: =Navi4!L27 -> 0 | AB12: =Navi4!L28 -> 1 | AC12: =Navi4!L29 -> 0 | AD12: =Navi4!L30 -> 0
A13: =Navi4!M1 -> 0 | B13: =Navi4!M2 -> 0 | C13: =Navi4!M3 -> 0 | D13: =Navi4!M4 -> 0 | E13: =Navi4!M5 -> 1 | F13: =Navi4!M6 -> 2 | G13: =Navi4!M7 -> 2 | H13: =Navi4!M8 -> 2 | I13: =Navi4!M9 -> 2 | J13: =Navi4!M10 -> 2 | K13: =Navi4!M11 -> 2 | L13: =Navi4!M12 -> 2 | M13: =Navi4!M13 -> 2 | N13: =Navi4!M14 -> 1 | O13: =Navi4!M15 -> 0 | P13: =Navi4!M16 -> 0 | Q13: =Navi4!M17 -> 0 | R13: =Navi4!M18 -> 0 | S13: =Navi4!M19 -> 1 | T13: =Navi4!M20 -> 1 | U13: =Navi4!M21 -> 1 | V13: =Navi4!M22 -> 1 | W13: =Navi4!M23 -> 1 | X13: =Navi4!M24 -> 0 | Y13: =Navi4!M25 -> 0 | Z13: =Navi4!M26 -> 0 | AA13: =Navi4!M27 -> 0 | AB13: =Navi4!M28 -> 1 | AC13: =Navi4!M29 -> 0 | AD13: =Navi4!M30 -> 0
A14: =Navi4!N1 -> 0 | B14: =Navi4!N2 -> 0 | C14: =Navi4!N3 -> 0 | D14: =Navi4!N4 -> 0 | E14: =Navi4!N5 -> 1 | F14: =Navi4!N6 -> 2 | G14: =Navi4!N7 -> 2 | H14: =Navi4!N8 -> 2 | I14: =Navi4!N9 -> 2 | J14: =Navi4!N10 -> 2 | K14: =Navi4!N11 -> 2 | L14: =Navi4!N12 -> 2 | M14: =Navi4!N13 -> 2 | N14: =Navi4!N14 -> 1 | O14: =Navi4!N15 -> 0 | P14: =Navi4!N16 -> 0 | Q14: =Navi4!N17 -> 0 | R14: =Navi4!N18 -> 0 | S14: =Navi4!N19 -> 1 | T14: =Navi4!N20 -> 1 | U14: =Navi4!N21 -> 1 | V14: =Navi4!N22 -> 1 | W14: =Navi4!N23 -> 1 | X14: =Navi4!N24 -> 0 | Y14: =Navi4!N25 -> 0 | Z14: =Navi4!N26 -> 0 | AA14: =Navi4!N27 -> 0 | AB14: =Navi4!N28 -> 1 | AC14: =Navi4!N29 -> 0 | AD14: =Navi4!N30 -> 0
A15: =Navi4!O1 -> 0 | B15: =Navi4!O2 -> 0 | C15: =Navi4!O3 -> 0 | D15: =Navi4!O4 -> 0 | E15: =Navi4!O5 -> 1 | F15: =Navi4!O6 -> 2 | G15: =Navi4!O7 -> 2 | H15: =Navi4!O8 -> 2 | I15: =Navi4!O9 -> 2 | J15: =Navi4!O10 -> 2 | K15: =Navi4!O11 -> 2 | L15: =Navi4!O12 -> 2 | M15: =Navi4!O13 -> 2 | N15: =Navi4!O14 -> 1 | O15: =Navi4!O15 -> 0 | P15: =Navi4!O16 -> 0 | Q15: =Navi4!O17 -> 0 | R15: =Navi4!O18 -> 0 | S15: =Navi4!O19 -> 1 | T15: =Navi4!O20 -> 4 | U15: =Navi4!O21 -> 4 | V15: =Navi4!O22 -> 0 | W15: =Navi4!O23 -> 0 | X15: =Navi4!O24 -> 0 | Y15: =Navi4!O25 -> 0 | Z15: =Navi4!O26 -> 0 | AA15: =Navi4!O27 -> 0 | AB15: =Navi4!O28 -> 1 | AC15: =Navi4!O29 -> 0 | AD15: =Navi4!O30 -> 0
A16: =Navi4!P1 -> 0 | B16: =Navi4!P2 -> 0 | C16: =Navi4!P3 -> 0 | D16: =Navi4!P4 -> 0 | E16: =Navi4!P5 -> 1 | F16: =Navi4!P6 -> 2 | G16: =Navi4!P7 -> 2 | H16: =Navi4!P8 -> 2 | I16: =Navi4!P9 -> 2 | J16: =Navi4!P10 -> 2 | K16: =Navi4!P11 -> 2 | L16: =Navi4!P12 -> 2 | M16: =Navi4!P13 -> 2 | N16: =Navi4!P14 -> 1 | O16: =Navi4!P15 -> 0 | P16: =Navi4!P16 -> 0 | Q16: =Navi4!P17 -> 0 | R16: =Navi4!P18 -> 0 | S16: =Navi4!P19 -> 1 | T16: =Navi4!P20 -> 4 | U16: =Navi4!P21 -> 4 | V16: =Navi4!P22 -> 0 | W16: =Navi4!P23 -> 0 | X16: =Navi4!P24 -> 0 | Y16: =Navi4!P25 -> 0 | Z16: =Navi4!P26 -> 0 | AA16: =Navi4!P27 -> 0 | AB16: =Navi4!P28 -> 1 | AC16: =Navi4!P29 -> 0 | AD16: =Navi4!P30 -> 0
A17: =Navi4!Q1 -> 0 | B17: =Navi4!Q2 -> 0 | C17: =Navi4!Q3 -> 0 | D17: =Navi4!Q4 -> 0 | E17: =Navi4!Q5 -> 1 | F17: =Navi4!Q6 -> 2 | G17: =Navi4!Q7 -> 2 | H17: =Navi4!Q8 -> 2 | I17: =Navi4!Q9 -> 2 | J17: =Navi4!Q10 -> 2 | K17: =Navi4!Q11 -> 2 | L17: =Navi4!Q12 -> 2 | M17: =Navi4!Q13 -> 2 | N17: =Navi4!Q14 -> 1 | O17: =Navi4!Q15 -> 0 | P17: =Navi4!Q16 -> 0 | Q17: =Navi4!Q17 -> 0 | R17: =Navi4!Q18 -> 0 | S17: =Navi4!Q19 -> 0 | T17: =Navi4!Q20 -> 1 | U17: =Navi4!Q21 -> 4 | V17: =Navi4!Q22 -> 0 | W17: =Navi4!Q23 -> 0 | X17: =Navi4!Q24 -> 0 | Y17: =Navi4!Q25 -> 0 | Z17: =Navi4!Q26 -> 0 | AA17: =Navi4!Q27 -> 1 | AB17: =Navi4!Q28 -> 0 | AC17: =Navi4!Q29 -> 0 | AD17: =Navi4!Q30 -> 0
A18: =Navi4!R1 -> 0 | B18: =Navi4!R2 -> 0 | C18: =Navi4!R3 -> 0 | D18: =Navi4!R4 -> 0 | E18: =Navi4!R5 -> 1 | F18: =Navi4!R6 -> 2 | G18: =Navi4!R7 -> 2 | H18: =Navi4!R8 -> 2 | I18: =Navi4!R9 -> 2 | J18: =Navi4!R10 -> 2 | K18: =Navi4!R11 -> 2 | L18: =Navi4!R12 -> 2 | M18: =Navi4!R13 -> 2 | N18: =Navi4!R14 -> 1 | O18: =Navi4!R15 -> 0 | P18: =Navi4!R16 -> 0 | Q18: =Navi4!R17 -> 0 | R18: =Navi4!R18 -> 0 | S18: =Navi4!R19 -> 0 | T18: =Navi4!R20 -> 1 | U18: =Navi4!R21 -> 4 | V18: =Navi4!R22 -> 4 | W18: =Navi4!R23 -> 0 | X18: =Navi4!R24 -> 0 | Y18: =Navi4!R25 -> 0 | Z18: =Navi4!R26 -> 1 | AA18: =Navi4!R27 -> 0 | AB18: =Navi4!R28 -> 0 | AC18: =Navi4!R29 -> 0 | AD18: =Navi4!R30 -> 0
A19: =Navi4!S1 -> 0 | B19: =Navi4!S2 -> 0 | C19: =Navi4!S3 -> 0 | D19: =Navi4!S4 -> 0 | E19: =Navi4!S5 -> 0 | F19: =Navi4!S6 -> 1 | G19: =Navi4!S7 -> 2 | H19: =Navi4!S8 -> 2 | I19: =Navi4!S9 -> 2 | J19: =Navi4!S10 -> 2 | K19: =Navi4!S11 -> 2 | L19: =Navi4!S12 -> 2 | M19: =Navi4!S13 -> 2 | N19: =Navi4!S14 -> 1 | O19: =Navi4!S15 -> 0 | P19: =Navi4!S16 -> 0 | Q19: =Navi4!S17 -> 0 | R19: =Navi4!S18 -> 0 | S19: =Navi4!S19 -> 0 | T19: =Navi4!S20 -> 1 | U19: =Navi4!S21 -> 1 | V19: =Navi4!S22 -> 1 | W19: =Navi4!S23 -> 1 | X19: =Navi4!S24 -> 1 | Y19: =Navi4!S25 -> 1 | Z19: =Navi4!S26 -> 0 | AA19: =Navi4!S27 -> 0 | AB19: =Navi4!S28 -> 0 | AC19: =Navi4!S29 -> 0 | AD19: =Navi4!S30 -> 0
A20: =Navi4!T1 -> 0 | B20: =Navi4!T2 -> 0 | C20: =Navi4!T3 -> 0 | D20: =Navi4!T4 -> 0 | E20: =Navi4!T5 -> 0 | F20: =Navi4!T6 -> 1 | G20: =Navi4!T7 -> 2 | H20: =Navi4!T8 -> 2 | I20: =Navi4!T9 -> 2 | J20: =Navi4!T10 -> 2 | K20: =Navi4!T11 -> 2 | L20: =Navi4!T12 -> 2 | M20: =Navi4!T13 -> 2 | N20: =Navi4!T14 -> 1 | O20: =Navi4!T15 -> 0 | P20: =Navi4!T16 -> 0 | Q20: =Navi4!T17 -> 0 | R20: =Navi4!T18 -> 0 | S20: =Navi4!T19 -> 0 | T20: =Navi4!T20 -> 1 | U20: =Navi4!T21 -> 0 | V20: =Navi4!T22 -> 0 | W20: =Navi4!T23 -> 0 | X20: =Navi4!T24 -> 0 | Y20: =Navi4!T25 -> 0 | Z20: =Navi4!T26 -> 0 | AA20: =Navi4!T27 -> 0 | AB20: =Navi4!T28 -> 0 | AC20: =Navi4!T29 -> 0 | AD20: =Navi4!T30 -> 0
A21: =Navi4!U1 -> 0 | B21: =Navi4!U2 -> 0 | C21: =Navi4!U3 -> 0 | D21: =Navi4!U4 -> 0 | E21: =Navi4!U5 -> 0 | F21: =Navi4!U6 -> 0 | G21: =Navi4!U7 -> 1 | H21: =Navi4!U8 -> 2 | I21: =Navi4!U9 -> 2 | J21: =Navi4!U10 -> 2 | K21: =Navi4!U11 -> 2 | L21: =Navi4!U12 -> 2 | M21: =Navi4!U13 -> 1 | N21: =Navi4!U14 -> 0 | O21: =Navi4!U15 -> 1 | P21: =Navi4!U16 -> 1 | Q21: =Navi4!U17 -> 1 | R21: =Navi4!U18 -> 1 | S21: =Navi4!U19 -> 1 | T21: =Navi4!U20 -> 0 | U21: =Navi4!U21 -> 0 | V21: =Navi4!U22 -> 0 | W21: =Navi4!U23 -> 0 | X21: =Navi4!U24 -> 0 | Y21: =Navi4!U25 -> 0 | Z21: =Navi4!U26 -> 0 | AA21: =Navi4!U27 -> 0 | AB21: =Navi4!U28 -> 0 | AC21: =Navi4!U29 -> 0 | AD21: =Navi4!U30 -> 0
A22: =Navi4!V1 -> 0 | B22: =Navi4!V2 -> 0 | C22: =Navi4!V3 -> 0 | D22: =Navi4!V4 -> 0 | E22: =Navi4!V5 -> 0 | F22: =Navi4!V6 -> 0 | G22: =Navi4!V7 -> 1 | H22: =Navi4!V8 -> 2 | I22: =Navi4!V9 -> 2 | J22: =Navi4!V10 -> 2 | K22: =Navi4!V11 -> 2 | L22: =Navi4!V12 -> 1 | M22: =Navi4!V13 -> 0 | N22: =Navi4!V14 -> 0 | O22: =Navi4!V15 -> 0 | P22: =Navi4!V16 -> 0 | Q22: =Navi4!V17 -> 0 | R22: =Navi4!V18 -> 0 | S22: =Navi4!V19 -> 0 | T22: =Navi4!V20 -> 0 | U22: =Navi4!V21 -> 0 | V22: =Navi4!V22 -> 0 | W22: =Navi4!V23 -> 0 | X22: =Navi4!V24 -> 0 | Y22: =Navi4!V25 -> 0 | Z22: =Navi4!V26 -> 0 | AA22: =Navi4!V27 -> 0 | AB22: =Navi4!V28 -> 0 | AC22: =Navi4!V29 -> 0 | AD22: =Navi4!V30 -> 0
A23: =Navi4!W1 -> 0 | B23: =Navi4!W2 -> 0 | C23: =Navi4!W3 -> 0 | D23: =Navi4!W4 -> 0 | E23: =Navi4!W5 -> 0 | F23: =Navi4!W6 -> 0 | G23: =Navi4!W7 -> 0 | H23: =Navi4!W8 -> 1 | I23: =Navi4!W9 -> 2 | J23: =Navi4!W10 -> 2 | K23: =Navi4!W11 -> 2 | L23: =Navi4!W12 -> 1 | M23: =Navi4!W13 -> 0 | N23: =Navi4!W14 -> 0 | O23: =Navi4!W15 -> 0 | P23: =Navi4!W16 -> 0 | Q23: =Navi4!W17 -> 0 | R23: =Navi4!W18 -> 0 | S23: =Navi4!W19 -> 0 | T23: =Navi4!W20 -> 0 | U23: =Navi4!W21 -> 0 | V23: =Navi4!W22 -> 0 | W23: =Navi4!W23 -> 0 | X23: =Navi4!W24 -> 0 | Y23: =Navi4!W25 -> 0 | Z23: =Navi4!W26 -> 0 | AA23: =Navi4!W27 -> 0 | AB23: =Navi4!W28 -> 0 | AC23: =Navi4!W29 -> 0 | AD23: =Navi4!W30 -> 0
A24: =Navi4!X1 -> 0 | B24: =Navi4!X2 -> 0 | C24: =Navi4!X3 -> 0 | D24: =Navi4!X4 -> 0 | E24: =Navi4!X5 -> 0 | F24: =Navi4!X6 -> 0 | G24: =Navi4!X7 -> 0 | H24: =Navi4!X8 -> 1 | I24: =Navi4!X9 -> 2 | J24: =Navi4!X10 -> 2 | K24: =Navi4!X11 -> 2 | L24: =Navi4!X12 -> 2 | M24: =Navi4!X13 -> 1 | N24: =Navi4!X14 -> 0 | O24: =Navi4!X15 -> 1 | P24: =Navi4!X16 -> 1 | Q24: =Navi4!X17 -> 1 | R24: =Navi4!X18 -> 0 | S24: =Navi4!X19 -> 0 | T24: =Navi4!X20 -> 0 | U24: =Navi4!X21 -> 0 | V24: =Navi4!X22 -> 0 | W24: =Navi4!X23 -> 0 | X24: =Navi4!X24 -> 0 | Y24: =Navi4!X25 -> 0 | Z24: =Navi4!X26 -> 0 | AA24: =Navi4!X27 -> 0 | AB24: =Navi4!X28 -> 0 | AC24: =Navi4!X29 -> 0 | AD24: =Navi4!X30 -> 0
A25: =Navi4!Y1 -> 0 | B25: =Navi4!Y2 -> 0 | C25: =Navi4!Y3 -> 0 | D25: =Navi4!Y4 -> 0 | E25: =Navi4!Y5 -> 0 | F25: =Navi4!Y6 -> 0 | G25: =Navi4!Y7 -> 0 | H25: =Navi4!Y8 -> 0 | I25: =Navi4!Y9 -> 1 | J25: =Navi4!Y10 -> 2 | K25: =Navi4!Y11 -> 2 | L25: =Navi4!Y12 -> 2 | M25: =Navi4!Y13 -> 2 | N25: =Navi4!Y14 -> 1 | O25: =Navi4!Y15 -> 1 | P25: =Navi4!Y16 -> 0 | Q25: =Navi4!Y17 -> 0 | R25: =Navi4!Y18 -> 1 | S25: =Navi4!Y19 -> 0 | T25: =Navi4!Y20 -> 0 | U25: =Navi4!Y21 -> 0 | V25: =Navi4!Y22 -> 0 | W25: =Navi4!Y23 -> 0 | X25: =Navi4!Y24 -> 0 | Y25: =Navi4!Y25 -> 0 | Z25: =Navi4!Y26 -> 0 | AA25: =Navi4!Y27 -> 0 | AB25: =Navi4!Y28 -> 0 | AC25: =Navi4!Y29 -> 0 | AD25: =Navi4!Y30 -> 0
A26: =Navi4!Z1 -> 0 | B26: =Navi4!Z2 -> 0 | C26: =Navi4!Z3 -> 0 | D26: =Navi4!Z4 -> 0 | E26: =Navi4!Z5 -> 0 | F26: =Navi4!Z6 -> 0 | G26: =Navi4!Z7 -> 0 | H26: =Navi4!Z8 -> 0 | I26: =Navi4!Z9 -> 1 | J26: =Navi4!Z10 -> 1 | K26: =Navi4!Z11 -> 1 | L26: =Navi4!Z12 -> 1 | M26: =Navi4!Z13 -> 1 | N26: =Navi4!Z14 -> 1 | O26: =Navi4!Z15 -> 1 | P26: =Navi4!Z16 -> 0 | Q26: =Navi4!Z17 -> 0 | R26: =Navi4!Z18 -> 1 | S26: =Navi4!Z19 -> 0 | T26: =Navi4!Z20 -> 0 | U26: =Navi4!Z21 -> 0 | V26: =Navi4!Z22 -> 0 | W26: =Navi4!Z23 -> 0 | X26: =Navi4!Z24 -> 0 | Y26: =Navi4!Z25 -> 0 | Z26: =Navi4!Z26 -> 0 | AA26: =Navi4!Z27 -> 0 | AB26: =Navi4!Z28 -> 0 | AC26: =Navi4!Z29 -> 0 | AD26: =Navi4!Z30 -> 0
A27: =Navi4!AA1 -> 0 | B27: =Navi4!AA2 -> 0 | C27: =Navi4!AA3 -> 0 | D27: =Navi4!AA4 -> 0 | E27: =Navi4!AA5 -> 0 | F27: =Navi4!AA6 -> 0 | G27: =Navi4!AA7 -> 0 | H27: =Navi4!AA8 -> 0 | I27: =Navi4!AA9 -> 0 | J27: =Navi4!AA10 -> 0 | K27: =Navi4!AA11 -> 0 | L27: =Navi4!AA12 -> 0 | M27: =Navi4!AA13 -> 0 | N27: =Navi4!AA14 -> 0 | O27: =Navi4!AA15 -> 1 | P27: =Navi4!AA16 -> 0 | Q27: =Navi4!AA17 -> 0 | R27: =Navi4!AA18 -> 1 | S27: =Navi4!AA19 -> 0 | T27: =Navi4!AA20 -> 0 | U27: =Navi4!AA21 -> 0 | V27: =Navi4!AA22 -> 0 | W27: =Navi4!AA23 -> 0 | X27: =Navi4!AA24 -> 0 | Y27: =Navi4!AA25 -> 0 | Z27: =Navi4!AA26 -> 0 | AA27: =Navi4!AA27 -> 0 | AB27: =Navi4!AA28 -> 0 | AC27: =Navi4!AA29 -> 0 | AD27: =Navi4!AA30 -> 0
A28: =Navi4!AB1 -> 0 | B28: =Navi4!AB2 -> 0 | C28: =Navi4!AB3 -> 0 | D28: =Navi4!AB4 -> 0 | E28: =Navi4!AB5 -> 0 | F28: =Navi4!AB6 -> 0 | G28: =Navi4!AB7 -> 0 | H28: =Navi4!AB8 -> 0 | I28: =Navi4!AB9 -> 0 | J28: =Navi4!AB10 -> 0 | K28: =Navi4!AB11 -> 0 | L28: =Navi4!AB12 -> 0 | M28: =Navi4!AB13 -> 0 | N28: =Navi4!AB14 -> 0 | O28: =Navi4!AB15 -> 1 | P28: =Navi4!AB16 -> 1 | Q28: =Navi4!AB17 -> 1 | R28: =Navi4!AB18 -> 0 | S28: =Navi4!AB19 -> 0 | T28: =Navi4!AB20 -> 0 | U28: =Navi4!AB21 -> 0 | V28: =Navi4!AB22 -> 0 | W28: =Navi4!AB23 -> 0 | X28: =Navi4!AB24 -> 0 | Y28: =Navi4!AB25 -> 0 | Z28: =Navi4!AB26 -> 0 | AA28: =Navi4!AB27 -> 0 | AB28: =Navi4!AB28 -> 0 | AC28: =Navi4!AB29 -> 0 | AD28: =Navi4!AB30 -> 0
A29: =Navi4!AC1 -> 0 | B29: =Navi4!AC2 -> 0 | C29: =Navi4!AC3 -> 0 | D29: =Navi4!AC4 -> 0 | E29: =Navi4!AC5 -> 0 | F29: =Navi4!AC6 -> 0 | G29: =Navi4!AC7 -> 0 | H29: =Navi4!AC8 -> 0 | I29: =Navi4!AC9 -> 0 | J29: =Navi4!AC10 -> 0 | K29: =Navi4!AC11 -> 0 | L29: =Navi4!AC12 -> 0 | M29: =Navi4!AC13 -> 0 | N29: =Navi4!AC14 -> 0 | O29: =Navi4!AC15 -> 0 | P29: =Navi4!AC16 -> 0 | Q29: =Navi4!AC17 -> 0 | R29: =Navi4!AC18 -> 0 | S29: =Navi4!AC19 -> 0 | T29: =Navi4!AC20 -> 0 | U29: =Navi4!AC21 -> 0 | V29: =Navi4!AC22 -> 0 | W29: =Navi4!AC23 -> 0 | X29: =Navi4!AC24 -> 0 | Y29: =Navi4!AC25 -> 0 | Z29: =Navi4!AC26 -> 0 | AA29: =Navi4!AC27 -> 0 | AB29: =Navi4!AC28 -> 0 | AC29: =Navi4!AC29 -> 0 | AD29: =Navi4!AC30 -> 0
A30: =Navi4!AD1 -> 0 | B30: =Navi4!AD2 -> 0 | C30: =Navi4!AD3 -> 0 | D30: =Navi4!AD4 -> 0 | E30: =Navi4!AD5 -> 0 | F30: =Navi4!AD6 -> 0 | G30: =Navi4!AD7 -> 0 | H30: =Navi4!AD8 -> 0 | I30: =Navi4!AD9 -> 0 | J30: =Navi4!AD10 -> 0 | K30: =Navi4!AD11 -> 0 | L30: =Navi4!AD12 -> 0 | M30: =Navi4!AD13 -> 0 | N30: =Navi4!AD14 -> 0 | O30: =Navi4!AD15 -> 0 | P30: =Navi4!AD16 -> 0 | Q30: =Navi4!AD17 -> 0 | R30: =Navi4!AD18 -> 0 | S30: =Navi4!AD19 -> 0 | T30: =Navi4!AD20 -> 0 | U30: =Navi4!AD21 -> 0 | V30: =Navi4!AD22 -> 0 | W30: =Navi4!AD23 -> 0 | X30: =Navi4!AD24 -> 0 | Y30: =Navi4!AD25 -> 0 | Z30: =Navi4!AD26 -> 0 | AA30: =Navi4!AD27 -> 0 | AB30: =Navi4!AD28 -> 0 | AC30: =Navi4!AD29 -> 0 | AD30: =Navi4!AD30 -> 0

Sheet Laptop5
A1: 0 | B1: 0 | C1: 0 | D1: 0 | E1: 0 | F1: 0 | G1: 0 | H1: 0 | I1: 0 | J1: 0 | K1: 0 | L1: 0 | M1: 0 | N1: 0 | O1: 0 | P1: 0 | Q1: 0 | R1: 0 | S1: 0 | T1: 0 | U1: 0 | V1: 0 | W1: 0 | X1: 0 | Y1: 0 | Z1: 0 | AA1: 0 | AB1: 0 | AC1: 0 | AD1: 0
A2: 0 | B2: 0 | C2: 0 | D2: 0 | E2: 0 | F2: 0 | G2: 0 | H2: 0 | I2: 0 | J2: 0 | K2: 0 | L2: 0 | M2: 0 | N2: 0 | O2: 0 | P2: 0 | Q2: 0 | R2: 0 | S2: 0 | T2: 0 | U2: 0 | V2: 0 | W2: 0 | X2: 0 | Y2: 0 | Z2: 0 | AA2: 0 | AB2: 0 | AC2: 0 | AD2: 0
A3: 0 | B3: 0 | C3: 0 | D3: 0 | E3: 0 | F3: 0 | G3: 1 | H3: 1 | I3: 1 | J3: 1 | K3: 1 | L3: 1 | M3: 1 | N3: 1 | O3: 1 | P3: 1 | Q3: 1 | R3: 1 | S3: 1 | T3: 1 | U3: 1 | V3: 1 | W3: 1 | X3: 0 | Y3: 0 | Z3: 0 | AA3: 0 | AB3: 0 | AC3: 0 | AD3: 0
A4: 0 | B4: 0 | C4: 0 | D4: 0 | E4: 0 | F4: 1 | G4: 4 | H4: 4 | I4: 4 | J4: 4 | K4: 4 | L4: 4 | M4: 4 | N4: 4 | O4: 4 | P4: 4 | Q4: 4 | R4: 4 | S4: 4 | T4: 4 | U4: 4 | V4: 4 | W4: 4 | X4: 1 | Y4: 0 | Z4: 0 | AA4: 0 | AB4: 0 | AC4: 0 | AD4: 0
A5: 0 | B5: 0 | C5: 0 | D5: 0 | E5: 0 | F5: 1 | G5: 4 | H5: 1 | I5: 1 | J5: 1 | K5: 1 | L5: 1 | M5: 1 | N5: 1 | O5: 1 | P5: 1 | Q5: 1 | R5: 1 | S5: 1 | T5: 1 | U5: 1 | V5: 1 | W5: 4 | X5: 1 | Y5: 0 | Z5: 0 | AA5: 0 | AB5: 0 | AC5: 0 | AD5: 0
A6: 0 | B6: 0 | C6: 0 | D6: 0 | E6: 0 | F6: 1 | G6: 4 | H6: 1 | I6: 0 | J6: 0 | K6: 0 | L6: 0 | M6: 0 | N6: 0 | O6: 0 | P6: 0 | Q6: 0 | R6: 0 | S6: 0 | T6: 0 | U6: 0 | V6: 1 | W6: 4 | X6: 1 | Y6: 0 | Z6: 0 | AA6: 0 | AB6: 0 | AC6: 0 | AD6: 0
A7: 0 | B7: 0 | C7: 0 | D7: 0 | E7: 0 | F7: 1 | G7: 4 | H7: 1 | I7: 0 | J7: 0 | K7: 0 | L7: 0 | M7: 0 | N7: 0 | O7: 0 | P7: 0 | Q7: 0 | R7: 2 | S7: 2 | T7: 2 | U7: 0 | V7: 1 | W7: 4 | X7: 1 | Y7: 0 | Z7: 0 | AA7: 0 | AB7: 0 | AC7: 0 | AD7: 0
A8: 0 | B8: 0 | C8: 0 | D8: 0 | E8: 0 | F8: 1 | G8: 4 | H8: 1 | I8: 1 | J8: 0 | K8: 1 | L8: 0 | M8: 0 | N8: 0 | O8: 0 | P8: 0 | Q8: 0 | R8: 0 | S8: 0 | T8: 0 | U8: 0 | V8: 1 | W8: 4 | X8: 1 | Y8: 0 | Z8: 0 | AA8: 0 | AB8: 0 | AC8: 0 | AD8: 0
A9: 0 | B9: 0 | C9: 0 | D9: 0 | E9: 0 | F9: 1 | G9: 4 | H9: 1 | I9: 0 | J9: 0 | K9: 0 | L9: 0 | M9: 0 | N9: 0 | O9: 0 | P9: 0 | Q9: 0 | R9: 0 | S9: 0 | T9: 0 | U9: 0 | V9: 1 | W9: 4 | X9: 1 | Y9: 0 | Z9: 0 | AA9: 0 | AB9: 0 | AC9: 0 | AD9: 0
A10: 0 | B10: 0 | C10: 0 | D10: 0 | E10: 0 | F10: 1 | G10: 4 | H10: 1 | I10: 1 | J10: 0 | K10: 1 | L10: 0 | M10: 0 | N10: 0 | O10: 0 | P10: 0 | Q10: 0 | R10: 0 | S10: 0 | T10: 0 | U10: 0 | V10: 1 | W10: 4 | X10: 1 | Y10: 0 | Z10: 0 | AA10: 0 | AB10: 0 | AC10: 0 | AD10: 0
A11: 0 | B11: 0 | C11: 0 | D11: 0 | E11: 0 | F11: 1 | G11: 4 | H11: 1 | I11: 0 | J11: 0 | K11: 0 | L11: 0 | M11: 0 | N11: 0 | O11: 0 | P11: 0 | Q11: 0 | R11: 0 | S11: 0 | T11: 0 | U11: 0 | V11: 1 | W11: 4 | X11: 1 | Y11: 0 | Z11: 0 | AA11: 0 | AB11: 0 | AC11: 0 | AD11: 0
A12: 0 | B12: 0 | C12: 0 | D12: 0 | E12: 0 | F12: 1 | G12: 4 | H12: 1 | I12: 1 | J12: 0 | K12: 0 | L12: 0 | M12: 0 | N12: 0 | O12: 0 | P12: 0 | Q12: 0 | R12: 0 | S12: 0 | T12: 0 | U12: 0 | V12: 1 | W12: 4 | X12: 1 | Y12: 0 | Z12: 0 | AA12: 0 | AB12: 0 | AC12: 0 | AD12: 0
... A26: 1 | B26: 1 | C26: 1 | D26: 1 | E26: 1 | F26: 1 | G26: 1 | H26: 1 | I26: 1 | J26: 1 | K26: 1 | L26: 1 | M26: 1 | N26: 1 | O26: 1 | P26: 1 | Q26: 1 | R26: 1 | S26: 1 | T26: 1 | U26: 1 | V26: 1 | W26: 1 | X26: 1 | Y26: 1 | Z26: 1 | AA26: 1 | AB26: 1 | AC26: 1 | AD26: 0
A27: 1 | B27: 4 | C27: 4 | D27: 4 | E27: 4 | F27: 4 | G27: 4 | H27: 4 | I27: 4 | J27: 4 | K27: 4 | L27: 4 | M27: 4 | N27: 4 | O27: 4 | P27: 4 | Q27: 4 | R27: 4 | S27: 4 | T27: 4 | U27: 4 | V27: 4 | W27: 4 | X27: 4 | Y27: 4 | Z27: 4 | AA27: 4 | AB27: 4 | AC27: 1 | AD27: 0 | AG27: 0 | AH27: blanco
A28: 0 | B28: 1 | C28: 1 | D28: 1 | E28: 1 | F28: 1 | G28: 1 | H28: 1 | I28: 1 | J28: 1 | K28: 1 | L28: 1 | M28: 1 | N28: 1 | O28: 1 | P28: 1 | Q28: 1 | R28: 1 | S28: 1 | T28: 1 | U28: 1 | V28: 1 | W28: 1 | X28: 1 | Y28: 1 | Z28: 1 | AA28: 1 | AB28: 1 | AC28: 0 | AD28: 0 | AG28: 1 | AH28: negro
A29: 0 | B29: 0 | C29: 0 | D29: 0 | E29: 0 | F29: 0 | G29: 0 | H29: 0 | I29: 0 | J29: 0 | K29: 0 | L29: 0 | M29: 0 | N29: 0 | O29: 0 | P29: 0 | Q29: 0 | R29: 0 | S29: 0 | T29: 0 | U29: 0 | V29: 0 | W29: 0 | X29: 0 | Y29: 0 | Z29: 0 | AA29: 0 | AB29: 0 | AC29: 0 | AD29: 0 | AG29: 2 | AH29: rojo
A30: 0 | B30: 0 | C30: 0 | D30: 0 | E30: 0 | F30: 0 | G30: 0 | H30: 0 | I30: 0 | J30: 0 | K30: 0 | L30: 0 | M30: 0 | N30: 0 | O30: 0 | P30: 0 | Q30: 0 | R30: 0 | S30: 0 | T30: 0 | U30: 0 | V30: 0 | W30: 0 | X30: 0 | Y30: 0 | Z30: 0 | AA30: 0 | AB30: 0 | AC30: 0 | AD30: 0 | AG30: 3 | AH30: verde
AG31: 4 | AH31: gris

Sheet Laptop5_T
A1: =Laptop5!A1 -> 0 | B1: =Laptop5!A2 -> 0 | C1: =Laptop5!A3 -> 0 | D1: =Laptop5!A4 -> 0 | E1: =Laptop5!A5 -> 0 | F1: =Laptop5!A6 -> 0 | G1: =Laptop5!A7 -> 0 | H1: =Laptop5!A8 -> 0 | I1: =Laptop5!A9 -> 0 | J1: =Laptop5!A10 -> 0 | K1: =Laptop5!A11 -> 0 | L1: =Laptop5!A12 -> 0 | M1: =Laptop5!A13 -> 0 | N1: =Laptop5!A14 -> 0 | O1: =Laptop5!A15 -> 0 | P1: =Laptop5!A16 -> 0 | Q1: =Laptop5!A17 -> 0 | R1: =Laptop5!A18 -> 0 | S1: =Laptop5!A19 -> 0 | T1: =Laptop5!A20 -> 0 | U1: =Laptop5!A21 -> 0 | V1: =Laptop5!A22 -> 0 | W1: =Laptop5!A23 -> 0 | X1: =Laptop5!A24 -> 0 | Y1: =Laptop5!A25 -> 0 | Z1: =Laptop5!A26 -> 1 | AA1: =Laptop5!A27 -> 1 | AB1: =Laptop5!A28 -> 0 | AC1: =Laptop5!A29 -> 0 | AD1: =Laptop5!A30 -> 0
A2: =Laptop5!B1 -> 0 | B2: =Laptop5!B2 -> 0 | C2: =Laptop5!B3 -> 0 | D2: =Laptop5!B4 -> 0 | E2: =Laptop5!B5 -> 0 | F2: =Laptop5!B6 -> 0 | G2: =Laptop5!B7 -> 0 | H2: =Laptop5!B8 -> 0 | I2: =Laptop5!B9 -> 0 | J2: =Laptop5!B10 -> 0 | K2: =Laptop5!B11 -> 0 | L2: =Laptop5!B12 -> 0 | M2: =Laptop5!B13 -> 0 | N2: =Laptop5!B14 -> 0 | O2: =Laptop5!B15 -> 0 | P2: =Laptop5!B16 -> 0 | Q2: =Laptop5!B17 -> 0 | R2: =Laptop5!B18 -> 0 | S2: =Laptop5!B19 -> 0 | T2: =Laptop5!B20 -> 0 | U2: =Laptop5!B21 -> 0 | V2: =Laptop5!B22 -> 0 | W2: =Laptop5!B23 -> 0 | X2: =Laptop5!B24 -> 0 | Y2: =Laptop5!B25 -> 1 | Z2: =Laptop5!B26 -> 1 | AA2: =Laptop5!B27 -> 4 | AB2: =Laptop5!B28 -> 1 | AC2: =Laptop5!B29 -> 0 | AD2: =Laptop5!B30 -> 0
A3: =Laptop5!C1 -> 0 | B3: =Laptop5!C2 -> 0 | C3: =Laptop5!C3 -> 0 | D3: =Laptop5!C4 -> 0 | E3: =Laptop5!C5 -> 0 | F3: =Laptop5!C6 -> 0 | G3: =Laptop5!C7 -> 0 | H3: =Laptop5!C8 -> 0 | I3: =Laptop5!C9 -> 0 | J3: =Laptop5!C10 -> 0 | K3: =Laptop5!C11 -> 0 | L3: =Laptop5!C12 -> 0 | M3: =Laptop5!C13 -> 0 | N3: =Laptop5!C14 -> 0 | O3: =Laptop5!C15 -> 0 | P3: =Laptop5!C16 -> 0 | Q3: =Laptop5!C17 -> 0 | R3: =Laptop5!C18 -> 0 | S3: =Laptop5!C19 -> 0 | T3: =Laptop5!C20 -> 0 | U3: =Laptop5!C21 -> 0 | V3: =Laptop5!C22 -> 0 | W3: =Laptop5!C23 -> 0 | X3: =Laptop5!C24 -> 1 | Y3: =Laptop5!C25 -> 4 | Z3: =Laptop5!C26 -> 1 | AA3: =Laptop5!C27 -> 4 | AB3: =Laptop5!C28 -> 1 | AC3: =Laptop5!C29 -> 0 | AD3: =Laptop5!C30 -> 0
A4: =Laptop5!D1 -> 0 | B4: =Laptop5!D2 -> 0 | C4: =Laptop5!D3 -> 0 | D4: =Laptop5!D4 -> 0 | E4: =Laptop5!D5 -> 0 | F4: =Laptop5!D6 -> 0 | G4: =Laptop5!D7 -> 0 | H4: =Laptop5!D8 -> 0 | I4: =Laptop5!D9 -> 0 | J4: =Laptop5!D10 -> 0 | K4: =Laptop5!D11 -> 0 | L4: =Laptop5!D12 -> 0 | M4: =Laptop5!D13 -> 0 | N4: =Laptop5!D14 -> 0 | O4: =Laptop5!D15 -> 0 | P4: =Laptop5!D16 -> 0 | Q4: =Laptop5!D17 -> 0 | R4: =Laptop5!D18 -> 0 | S4: =Laptop5!D19 -> 0 | T4: =Laptop5!D20 -> 0 | U4: =Laptop5!D21 -> 0 | V4: =Laptop5!D22 -> 0 | W4: =Laptop5!D23 -> 1 | X4: =Laptop5!D24 -> 4 | Y4: =Laptop5!D25 -> 4 | Z4: =Laptop5!D26 -> 1 | AA4: =Laptop5!D27 -> 4 | AB4: =Laptop5!D28 -> 1 | AC4: =Laptop5!D29 -> 0 | AD4: =Laptop5!D30 -> 0
A5: =Laptop5!E1 -> 0 | B5: =Laptop5!E2 -> 0 | C5: =Laptop5!E3 -> 0 | D5: =Laptop5!E4 -> 0 | E5: =Laptop5!E5 -> 0 | F5: =Laptop5!E6 -> 0 | G5: =Laptop5!E7 -> 0 | H5: =Laptop5!E8 -> 0 | I5: =Laptop5!E9 -> 0 | J5: =Laptop5!E10 -> 0 | K5: =Laptop5!E11 -> 0 | L5: =Laptop5!E12 -> 0 | M5: =Laptop5!E13 -> 0 | N5: =Laptop5!E14 -> 0 | O5: =Laptop5!E15 -> 0 | P5: =Laptop5!E16 -> 0 | Q5: =Laptop5!E17 -> 0 | R5: =Laptop5!E18 -> 0 | S5: =Laptop5!E19 -> 0 | T5: =Laptop5!E20 -> 0 | U5: =Laptop5!E21 -> 0 | V5: =Laptop5!E22 -> 1 | W5: =Laptop5!E23 -> 4 | X5: =Laptop5!E24 -> 4 | Y5: =Laptop5!E25 -> 4 | Z5: =Laptop5!E26 -> 1 | AA5: =Laptop5!E27 -> 4 | AB5: =Laptop5!E28 -> 1 | AC5: =Laptop5!E29 -> 0 | AD5: =Laptop5!E30 -> 0
A6: =Laptop5!F1 -> 0 | B6: =Laptop5!F2 -> 0 | C6: =Laptop5!F3 -> 0 | D6: =Laptop5!F4 -> 1 | E6: =Laptop5!F5 -> 1 | F6: =Laptop5!F6 -> 1 | G6: =Laptop5!F7 -> 1 | H6: =Laptop5!F8 -> 1 | I6: =Laptop5!F9 -> 1 | J6: =Laptop5!F10 -> 1 | K6: =Laptop5!F11 -> 1 | L6: =Laptop5!F12 -> 1 | M6: =Laptop5!F13 -> 1 | N6: =Laptop5!F14 -> 1 | O6: =Laptop5!F15 -> 1 | P6: =Laptop5!F16 -> 1 | Q6: =Laptop5!F17 -> 1 | R6: =Laptop5!F18 -> 1 | S6: =Laptop5!F19 -> 1 | T6: =Laptop5!F20 -> 1 | U6: =Laptop5!F21 -> 1 | V6: =Laptop5!F22 -> 4 | W6: =Laptop5!F23 -> 4 | X6: =Laptop5!F24 -> 1 | Y6: =Laptop5!F25 -> 4 | Z6: =Laptop5!F26 -> 1 | AA6: =Laptop5!F27 -> 4 | AB6: =Laptop5!F28 -> 1 | AC6: =Laptop5!F29 -> 0 | AD6: =Laptop5!F30 -> 0
A7: =Laptop5!G1 -> 0 | B7: =Laptop5!G2 -> 0 | C7: =Laptop5!G3 -> 1 | D7: =Laptop5!G4 -> 4 | E7: =Laptop5!G5 -> 4 | F7: =Laptop5!G6 -> 4 | G7: =Laptop5!G7 -> 4 | H7: =Laptop5!G8 -> 4 | I7: =Laptop5!G9 -> 4 | J7: =Laptop5!G10 -> 4 | K7: =Laptop5!G11 -> 4 | L7: =Laptop5!G12 -> 4 | M7: =Laptop5!G13 -> 4 | N7: =Laptop5!G14 -> 4 | O7: =Laptop5!G15 -> 4 | P7: =Laptop5!G16 -> 4 | Q7: =Laptop5!G17 -> 4 | R7: =Laptop5!G18 -> 4 | S7: =Laptop5!G19 -> 4 | T7: =Laptop5!G20 -> 4 | U7: =Laptop5!G21 -> 1 | V7: =Laptop5!G22 -> 0 | W7: =Laptop5!G23 -> 4 | X7: =Laptop5!G24 -> 4 | Y7: =Laptop5!G25 -> 4 | Z7: =Laptop5!G26 -> 1 | AA7: =Laptop5!G27 -> 4 | AB7: =Laptop5!G28 -> 1 | AC7: =Laptop5!G29 -> 0 | AD7: =Laptop5!G30 -> 0
A8: =Laptop5!H1 -> 0 | B8: =Laptop5!H2 -> 0 | C8: =Laptop5!H3 -> 1 | D8: =Laptop5!H4 -> 4 | E8: =Laptop5!H5 -> 1 | F8: =Laptop5!H6 -> 1 | G8: =Laptop5!H7 -> 1 | H8: =Laptop5!H8 -> 1 | I8: =Laptop5!H9 -> 1 | J8: =Laptop5!H10 -> 1 | K8: =Laptop5!H11 -> 1 | L8: =Laptop5!H12 -> 1 | M8: =Laptop5!H13 -> 1 | N8: =Laptop5!H14 -> 1 | O8: =Laptop5!H15 -> 1 | P8: =Laptop5!H16 -> 1 | Q8: =Laptop5!H17 -> 1 | R8: =Laptop5!H18 -> 4 | S8: =Laptop5!H19 -> 1 | T8: =Laptop5!H20 -> 4 | U8: =Laptop5!H21 -> 1 | V8: =Laptop5!H22 -> 0 | W8: =Laptop5!H23 -> 4 | X8: =Laptop5!H24 -> 1 | Y8: =Laptop5!H25 -> 4 | Z8: =Laptop5!H26 -> 1 | AA8: =Laptop5!H27 -> 4 | AB8: =Laptop5!H28 -> 1 | AC8: =Laptop5!H29 -> 0 | AD8: =Laptop5!H30 -> 0
A9: =Laptop5!I1 -> 0 | B9: =Laptop5!I2 -> 0 | C9: =Laptop5!I3 -> 1 | D9: =Laptop5!I4 -> 4 | E9: =Laptop5!I5 -> 1 | F9: =Laptop5!I6 -> 0 | G9: =Laptop5!I7 -> 0 | H9: =Laptop5!I8 -> 1 | I9: =Laptop5!I9 -> 0 | J9: =Laptop5!I10 -> 1 | K9: =Laptop5!I11 -> 0 | L9: =Laptop5!I12 -> 1 | M9: =Laptop5!I13 -> 0 | N9: =Laptop5!I14 -> 0 | O9: =Laptop5!I15 -> 0 | P9: =Laptop5!I16 -> 0 | Q9: =Laptop5!I17 -> 1 | R9: =Laptop5!I18 -> 4 | S9: =Laptop5!I19 -> 1 | T9: =Laptop5!I20 -> 4 | U9: =Laptop5!I21 -> 1 | V9: =Laptop5!I22 -> 0 | W9: =Laptop5!I23 -> 1 | X9: =Laptop5!I24 -> 4 | Y9: =Laptop5!I25 -> 4 | Z9: =Laptop5!I26 -> 1 | AA9: =Laptop5!I27 -> 4 | AB9: =Laptop5!I28 -> 1 | AC9: =Laptop5!I29 -> 0 | AD9: =Laptop5!I30 -> 0
A10: =Laptop5!J1 -> 0 | B10: =Laptop5!J2 -> 0 | C10: =Laptop5!J3 -> 1 | D10: =Laptop5!J4 -> 4 | E10: =Laptop5!J5 -> 1 | F10: =Laptop5!J6 -> 0 | G10: =Laptop5!J7 -> 0 | H10: =Laptop5!J8 -> 0 | I10: =Laptop5!J9 -> 0 | J10: =Laptop5!J10 -> 0 | K10: =Laptop5!J11 -> 0 | L10: =Laptop5!J12 -> 0 | M10: =Laptop5!J13 -> 0 | N10: =Laptop5!J14 -> 0 | O10: =Laptop5!J15 -> 0 | P10: =Laptop5!J16 -> 0 | Q10: =Laptop5!J17 -> 1 | R10: =Laptop5!J18 -> 4 | S10: =Laptop5!J19 -> 1 | T10: =Laptop5!J20 -> 4 | U10: =Laptop5!J21 -> 1 | V10: =Laptop5!J22 -> 0 | W10: =Laptop5!J23 -> 4 | X10: =Laptop5!J24 -> 1 | Y10: =Laptop5!J25 -> 4 | Z10: =Laptop5!J26 -> 1 | AA10: =Laptop5!J27 -> 4 | AB10: =Laptop5!J28 -> 1 | AC10: =Laptop5!J29 -> 0 | AD10: =Laptop5!J30 -> 0
A11: =Laptop5!K1 -> 0 | B11: =Laptop5!K2 -> 0 | C11: =Laptop5!K3 -> 1 | D11: =Laptop5!K4 -> 4 | E11: =Laptop5!K5 -> 1 | F11: =Laptop5!K6 -> 0 | G11: =Laptop5!K7 -> 0 | H11: =Laptop5!K8 -> 1 | I11: =Laptop5!K9 -> 0 | J11: =Laptop5!K10 -> 1 | K11: =Laptop5!K11 -> 0 | L11: =Laptop5!K12 -> 0 | M11: =Laptop5!K13 -> 0 | N11: =Laptop5!K14 -> 0 | O11: =Laptop5!K15 -> 0 | P11: =Laptop5!K16 -> 0 | Q11: =Laptop5!K17 -> 1 | R11: =Laptop5!K18 -> 4 | S11: =Laptop5!K19 -> 1 | T11: =Laptop5!K20 -> 4 | U11: =Laptop5!K21 -> 1 | V11: =Laptop5!K22 -> 0 | W11: =Laptop5!K23 -> 4 | X11: =Laptop5!K24 -> 4 | Y11: =Laptop5!K25 -> 4 | Z11: =Laptop5!K26 -> 1 | AA11: =Laptop5!K27 -> 4 | AB11: =Laptop5!K28 -> 1 | AC11: =Laptop5!K29 -> 0 | AD11: =Laptop5!K30 -> 0
A12: =Laptop5!L1 -> 0 | B12: =Laptop5!L2 -> 0 | C12: =Laptop5!L3 -> 1 | D12: =Laptop5!L4 -> 4 | E12: =Laptop5!L5 -> 1 | F12: =Laptop5!L6 -> 0 | G12: =Laptop5!L7 -> 0 | H12: =Laptop5!L8 -> 0 | I12: =Laptop5!L9 -> 0 | J12: =Laptop5!L10 -> 0 | K12: =Laptop5!L11 -> 0 | L12: =Laptop5!L12 -> 0 | M12: =Laptop5!L13 -> 0 | N12: =Laptop5!L14 -> 0 | O12: =Laptop5!L15 -> 0 | P12: =Laptop5!L16 -> 0 | Q12: =Laptop5!L17 -> 1 | R12: =Laptop5!L18 -> 4 | S12: =Laptop5!L19 -> 4 | T12: =Laptop5!L20 -> 4 | U12: =Laptop5!L21 -> 1 | V12: =Laptop5!L22 -> 0 | W12: =Laptop5!L23 -> 4 | X12: =Laptop5!L24 -> 1 | Y12: =Laptop5!L25 -> 4 | Z12: =Laptop5!L26 -> 1 | AA12: =Laptop5!L27 -> 4 | AB12: =Laptop5!L28 -> 1 | AC12: =Laptop5!L29 -> 0 | AD12: =Laptop5!L30 -> 0
A13: =Laptop5!M1 -> 0 | B13: =Laptop5!M2 -> 0 | C13: =Laptop5!M3 -> 1 | D13: =Laptop5!M4 -> 4 | E13: =Laptop5!M5 -> 1 | F13: =Laptop5!M6 -> 0 | G13: =Laptop5!M7 -> 0 | H13: =Laptop5!M8 -> 0 | I13: =Laptop5!M9 -> 0 | J13: =Laptop5!M10 -> 0 | K13: =Laptop5!M11 -> 0 | L13: =Laptop5!M12 -> 0 | M13: =Laptop5!M13 -> 0 | N13: =Laptop5!M14 -> 0 | O13: =Laptop5!M15 -> 0 | P13: =Laptop5!M16 -> 0 | Q13: =Laptop5!M17 -> 1 | R13: =Laptop5!M18 -> 4 | S13: =Laptop5!M19 -> 4 | T13: =Laptop5!M20 -> 4 | U13: =Laptop5!M21 -> 1 | V13: =Laptop5!M22 -> 0 | W13: =Laptop5!M23 -> 1 | X13: =Laptop5!M24 -> 4 | Y13: =Laptop5!M25 -> 4 | Z13: =Laptop5!M26 -> 1 | AA13: =Laptop5!M27 -> 4 | AB13: =Laptop5!M28 -> 1 | AC13: =Laptop5!M29 -> 0 | AD13: =Laptop5!M30 -> 0
A14: =Laptop5!N1 -> 0 | B14: =Laptop5!N2 -> 0 | C14: =Laptop5!N3 -> 1 | D14: =Laptop5!N4 -> 4 | E14: =Laptop5!N5 -> 1 | F14: =Laptop5!N6 -> 0 | G14: =Laptop5!N7 -> 0 | H14: =Laptop5!N8 -> 0 | I14: =Laptop5!N9 -> 0 | J14: =Laptop5!N10 -> 0 | K14: =Laptop5!N11 -> 0 | L14: =Laptop5!N12 -> 0 | M14: =Laptop5!N13 -> 0 | N14: =Laptop5!N14 -> 0 | O14: =Laptop5!N15 -> 0 | P14: =Laptop5!N16 -> 0 | Q14: =Laptop5!N17 -> 1 | R14: =Laptop5!N18 -> 4 | S14: =Laptop5!N19 -> 4 | T14: =Laptop5!N20 -> 4 | U14: =Laptop5!N21 -> 1 | V14: =Laptop5!N22 -> 0 | W14: =Laptop5!N23 -> 4 | X14: =Laptop5!N24 -> 1 | Y14: =Laptop5!N25 -> 4 | Z14: =Laptop5!N26 -> 1 | AA14: =Laptop5!N27 -> 4 | AB14: =Laptop5!N28 -> 1 | AC14: =Laptop5!N29 -> 0 | AD14: =Laptop5!N30 -> 0
A15: =Laptop5!O1 -> 0 | B15: =Laptop5!O2 -> 0 | C15: =Laptop5!O3 -> 1 | D15: =Laptop5!O4 -> 4 | E15: =Laptop5!O5 -> 1 | F15: =Laptop5!O6 -> 0 | G15: =Laptop5!O7 -> 0 | H15: =Laptop5!O8 -> 0 | I15: =Laptop5!O9 -> 0 | J15: =Laptop5!O10 -> 0 | K15: =Laptop5!O11 -> 0 | L15: =Laptop5!O12 -> 0 | M15: =Laptop5!O13 -> 0 | N15: =Laptop5!O14 -> 0 | O15: =Laptop5!O15 -> 0 | P15: =Laptop5!O16 -> 0 | Q15: =Laptop5!O17 -> 1 | R15: =Laptop5!O18 -> 4 | S15: =Laptop5!O19 -> 4 | T15: =Laptop5!O20 -> 4 | U15: =Laptop5!O21 -> 1 | V15: =Laptop5!O22 -> 0 | W15: =Laptop5!O23 -> 4 | X15: =Laptop5!O24 -> 4 | Y15: =Laptop5!O25 -> 4 | Z15: =Laptop5!O26 -> 1 | AA15: =Laptop5!O27 -> 4 | AB15: =Laptop5!O28 -> 1 | AC15: =Laptop5!O29 -> 0 | AD15: =Laptop5!O30 -> 0
A16: =Laptop5!P1 -> 0 | B16: =Laptop5!P2 -> 0 | C16: =Laptop5!P3 -> 1 | D16: =Laptop5!P4 -> 4 | E16: =Laptop5!P5 -> 1 | F16: =Laptop5!P6 -> 0 | G16: =Laptop5!P7 -> 0 | H16: =Laptop5!P8 -> 0 | I16: =Laptop5!P9 -> 0 | J16: =Laptop5!P10 -> 0 | K16: =Laptop5!P11 -> 0 | L16: =Laptop5!P12 -> 0 | M16: =Laptop5!P13 -> 0 | N16: =Laptop5!P14 -> 0 | O16: =Laptop5!P15 -> 0 | P16: =Laptop5!P16 -> 0 | Q16: =Laptop5!P17 -> 1 | R16: =Laptop5!P18 -> 4 | S16: =Laptop5!P19 -> 4 | T16: =Laptop5!P20 -> 4 | U16: =Laptop5!P21 -> 1 | V16: =Laptop5!P22 -> 0 | W16: =Laptop5!P23 -> 4 | X16: =Laptop5!P24 -> 1 | Y16: =Laptop5!P25 -> 4 | Z16: =Laptop5!P26 -> 1 | AA16: =Laptop5!P27 -> 4 | AB16: =Laptop5!P28 -> 1 | AC16: =Laptop5!P29 -> 0 | AD16: =Laptop5!P30 -> 0
A17: =Laptop5!Q1 -> 0 | B17: =Laptop5!Q2 -> 0 | C17: =Laptop5!Q3 -> 1 | D17: =Laptop5!Q4 -> 4 | E17: =Laptop5!Q5 -> 1 | F17: =Laptop5!Q6 -> 0 | G17: =Laptop5!Q7 -> 0 | H17: =Laptop5!Q8 -> 0 | I17: =Laptop5!Q9 -> 0 | J17: =Laptop5!Q10 -> 0 | K17: =Laptop5!Q11 -> 0 | L17: =Laptop5!Q12 -> 0 | M17: =Laptop5!Q13 -> 0 | N17: =Laptop5!Q14 -> 0 | O17: =Laptop5!Q15 -> 0 | P17: =Laptop5!Q16 -> 0 | Q17: =Laptop5!Q17 -> 1 | R17: =Laptop5!Q18 -> 4 | S17: =Laptop5!Q19 -> 4 | T17: =Laptop5!Q20 -> 4 | U17: =Laptop5!Q21 -> 1 | V17: =Laptop5!Q22 -> 0 | W17: =Laptop5!Q23 -> 1 | X17: =Laptop5!Q24 -> 4 | Y17: =Laptop5!Q25 -> 4 | Z17: =Laptop5!Q26 -> 1 | AA17: =Laptop5!Q27 -> 4 | AB17: =Laptop5!Q28 -> 1 | AC17: =Laptop5!Q29 -> 0 | AD17: =Laptop5!Q30 -> 0
A18: =Laptop5!R1 -> 0 | B18: =Laptop5!R2 -> 0 | C18: =Laptop5!R3 -> 1 | D18: =Laptop5!R4 -> 4 | E18: =Laptop5!R5 -> 1 | F18: =Laptop5!R6 -> 0 | G18: =Laptop5!R7 -> 2 | H18: =Laptop5!R8 -> 0 | I18: =Laptop5!R9 -> 0 | J18: =Laptop5!R10 -> 0 | K18: =Laptop5!R11 -> 0 | L18: =Laptop5!R12 -> 0 | M18: =Laptop5!R13 -> 0 | N18: =Laptop5!R14 -> 0 | O18: =Laptop5!R15 -> 0 | P18: =Laptop5!R16 -> 0 | Q18: =Laptop5!R17 -> 1 | R18: =Laptop5!R18 -> 4 | S18: =Laptop5!R19 -> 4 | T18: =Laptop5!R20 -> 4 | U18: =Laptop5!R21 -> 1 | V18: =Laptop5!R22 -> 0 | W18: =Laptop5!R23 -> 4 | X18: =Laptop5!R24 -> 1 | Y18: =Laptop5!R25 -> 4 | Z18: =Laptop5!R26 -> 1 | AA18: =Laptop5!R27 -> 4 | AB18: =Laptop5!R28 -> 1 | AC18: =Laptop5!R29 -> 0 | AD18: =Laptop5!R30 -> 0
A19: =Laptop5!S1 -> 0 | B19: =Laptop5!S2 -> 0 | C19: =Laptop5!S3 -> 1 | D19: =Laptop5!S4 -> 4 | E19: =Laptop5!S5 -> 1 | F19: =Laptop5!S6 -> 0 | G19: =Laptop5!S7 -> 2 | H19: =Laptop5!S8 -> 0 | I19: =Laptop5!S9 -> 0 | J19: =Laptop5!S10 -> 0 | K19: =Laptop5!S11 -> 0 | L19: =Laptop5!S12 -> 0 | M19: =Laptop5!S13 -> 0 | N19: =Laptop5!S14 -> 0 | O19: =Laptop5!S15 -> 0 | P19: =Laptop5!S16 -> 0 | Q19: =Laptop5!S17 -> 1 | R19: =Laptop5!S18 -> 4 | S19: =Laptop5!S19 -> 4 | T19: =Laptop5!S20 -> 4 | U19: =Laptop5!S21 -> 1 | V19: =Laptop5!S22 -> 0 | W19: =Laptop5!S23 -> 4 | X19: =Laptop5!S24 -> 4 | Y19: =Laptop5!S25 -> 4 | Z19: =Laptop5!S26 -> 1 | AA19: =Laptop5!S27 -> 4 | AB19: =Laptop5!S28 -> 1 | AC19: =Laptop5!S29 -> 0 | AD19: =Laptop5!S30 -> 0
A20: =Laptop5!T1 -> 0 | B20: =Laptop5!T2 -> 0 | C20: =Laptop5!T3 -> 1 | D20: =Laptop5!T4 -> 4 | E20: =Laptop5!T5 -> 1 | F20: =Laptop5!T6 -> 0 | G20: =Laptop5!T7 -> 2 | H20: =Laptop5!T8 -> 0 | I20: =Laptop5!T9 -> 0 | J20: =Laptop5!T10 -> 0 | K20: =Laptop5!T11 -> 0 | L20: =Laptop5!T12 -> 0 | M20: =Laptop5!T13 -> 0 | N20: =Laptop5!T14 -> 0 | O20: =Laptop5!T15 -> 0 | P20: =Laptop5!T16 -> 0 | Q20: =Laptop5!T17 -> 1 | R20: =Laptop5!T18 -> 4 | S20: =Laptop5!T19 -> 4 | T20: =Laptop5!T20 -> 4 | U20: =Laptop5!T21 -> 1 | V20: =Laptop5!T22 -> 0 | W20: =Laptop5!T23 -> 4 | X20: =Laptop5!T24 -> 1 | Y20: =Laptop5!T25 -> 4 | Z20: =Laptop5!T26 -> 1 | AA20: =Laptop5!T27 -> 4 | AB20: =Laptop5!T28 -> 1 | AC20: =Laptop5!T29 -> 0 | AD20: =Laptop5!T30 -> 0
A21: =Laptop5!U1 -> 0 | B21: =Laptop5!U2 -> 0 | C21: =Laptop5!U3 -> 1 | D21: =Laptop5!U4 -> 4 | E21: =Laptop5!U5 -> 1 | F21: =Laptop5!U6 -> 0 | G21: =Laptop5!U7 -> 0 | H21: =Laptop5!U8 -> 0 | I21: =Laptop5!U9 -> 0 | J21: =Laptop5!U10 -> 0 | K21: =Laptop5!U11 -> 0 | L21: =Laptop5!U12 -> 0 | M21: =Laptop5!U13 -> 0 | N21: =Laptop5!U14 -> 0 | O21: =Laptop5!U15 -> 0 | P21: =Laptop5!U16 -> 0 | Q21: =Laptop5!U17 -> 1 | R21: =Laptop5!U18 -> 4 | S21: =Laptop5!U19 -> 4 | T21: =Laptop5!U20 -> 4 | U21: =Laptop5!U21 -> 1 | V21: =Laptop5!U22 -> 0 | W21: =Laptop5!U23 -> 1 | X21: =Laptop5!U24 -> 4 | Y21: =Laptop5!U25 -> 4 | Z21: =Laptop5!U26 -> 1 | AA21: =Laptop5!U27 -> 4 | AB21: =Laptop5!U28 -> 1 | AC21: =Laptop5!U29 -> 0 | AD21: =Laptop5!U30 -> 0
A22: =Laptop5!V1 -> 0 | B22: =Laptop5!V2 -> 0 | C22: =Laptop5!V3 -> 1 | D22: =Laptop5!V4 -> 4 | E22: =Laptop5!V5 -> 1 | F22: =Laptop5!V6 -> 1 | G22: =Laptop5!V7 -> 1 | H22: =Laptop5!V8 -> 1 | I22: =Laptop5!V9 -> 1 | J22: =Laptop5!V10 -> 1 | K22: =Laptop5!V11 -> 1 | L22: =Laptop5!V12 -> 1 | M22: =Laptop5!V13 -> 1 | N22: =Laptop5!V14 -> 1 | O22: =Laptop5!V15 -> 1 | P22: =Laptop5!V16 -> 1 | Q22: =Laptop5!V17 -> 1 | R22: =Laptop5!V18 -> 4 | S22: =Laptop5!V19 -> 4 | T22: =Laptop5!V20 -> 4 | U22: =Laptop5!V21 -> 1 | V22: =Laptop5!V22 -> 0 | W22: =Laptop5!V23 -> 4 | X22: =Laptop5!V24 -> 1 | Y22: =Laptop5!V25 -> 4 | Z22: =Laptop5!V26 -> 1 | AA22: =Laptop5!V27 -> 4 | AB22: =Laptop5!V28 -> 1 | AC22: =Laptop5!V29 -> 0 | AD22: =Laptop5!V30 -> 0
A23: =Laptop5!W1 -> 0 | B23: =Laptop5!W2 -> 0 | C23: =Laptop5!W3 -> 1 | D23: =Laptop5!W4 -> 4 | E23: =Laptop5!W5 -> 4 | F23: =Laptop5!W6 -> 4 | G23: =Laptop5!W7 -> 4 | H23: =Laptop5!W8 -> 4 | I23: =Laptop5!W9 -> 4 | J23: =Laptop5!W10 -> 4 | K23: =Laptop5!W11 -> 4 | L23: =Laptop5!W12 -> 4 | M23: =Laptop5!W13 -> 4 | N23: =Laptop5!W14 -> 4 | O23: =Laptop5!W15 -> 4 | P23: =Laptop5!W16 -> 4 | Q23: =Laptop5!W17 -> 4 | R23: =Laptop5!W18 -> 4 | S23: =Laptop5!W19 -> 4 | T23: =Laptop5!W20 -> 4 | U23: =Laptop5!W21 -> 1 | V23: =Laptop5!W22 -> 0 | W23: =Laptop5!W23 -> 4 | X23: =Laptop5!W24 -> 4 | Y23: =Laptop5!W25 -> 4 | Z23: =Laptop5!W26 -> 1 | AA23: =Laptop5!W27 -> 4 | AB23: =Laptop5!W28 -> 1 | AC23: =Laptop5!W29 -> 0 | AD23: =Laptop5!W30 -> 0
A24: =Laptop5!X1 -> 0 | B24: =Laptop5!X2 -> 0 | C24: =Laptop5!X3 -> 0 | D24: =Laptop5!X4 -> 1 | E24: =Laptop5!X5 -> 1 | F24: =Laptop5!X6 -> 1 | G24: =Laptop5!X7 -> 1 | H24: =Laptop5!X8 -> 1 | I24: =Laptop5!X9 -> 1 | J24: =Laptop5!X10 -> 1 | K24: =Laptop5!X11 -> 1 | L24: =Laptop5!X12 -> 1 | M24: =Laptop5!X13 -> 1 | N24: =Laptop5!X14 -> 1 | O24: =Laptop5!X15 -> 1 | P24: =Laptop5!X16 -> 1 | Q24: =Laptop5!X17 -> 1 | R24: =Laptop5!X18 -> 1 | S24: =Laptop5!X19 -> 1 | T24: =Laptop5!X20 -> 1 | U24: =Laptop5!X21 -> 1 | V24: =Laptop5!X22 -> 4 | W24: =Laptop5!X23 -> 4 | X24: =Laptop5!X24 -> 1 | Y24: =Laptop5!X25 -> 4 | Z24: =Laptop5!X26 -> 1 | AA24: =Laptop5!X27 -> 4 | AB24: =Laptop5!X28 -> 1 | AC24: =Laptop5!X29 -> 0 | AD24: =Laptop5!X30 -> 0
A25: =Laptop5!Y1 -> 0 | B25: =Laptop5!Y2 -> 0 | C25: =Laptop5!Y3 -> 0 | D25: =Laptop5!Y4 -> 0 | E25: =Laptop5!Y5 -> 0 | F25: =Laptop5!Y6 -> 0 | G25: =Laptop5!Y7 -> 0 | H25: =Laptop5!Y8 -> 0 | I25: =Laptop5!Y9 -> 0 | J25: =Laptop5!Y10 -> 0 | K25: =Laptop5!Y11 -> 0 | L25: =Laptop5!Y12 -> 0 | M25: =Laptop5!Y13 -> 0 | N25: =Laptop5!Y14 -> 0 | O25: =Laptop5!Y15 -> 0 | P25: =Laptop5!Y16 -> 0 | Q25: =Laptop5!Y17 -> 0 | R25: =Laptop5!Y18 -> 0 | S25: =Laptop5!Y19 -> 0 | T25: =Laptop5!Y20 -> 0 | U25: =Laptop5!Y21 -> 0 | V25: =Laptop5!Y22 -> 1 | W25: =Laptop5!Y23 -> 4 | X25: =Laptop5!Y24 -> 4 | Y25: =Laptop5!Y25 -> 4 | Z25: =Laptop5!Y26 -> 1 | AA25: =Laptop5!Y27 -> 4 | AB25: =Laptop5!Y28 -> 1 | AC25: =Laptop5!Y29 -> 0 | AD25: =Laptop5!Y30 -> 0
A26: =Laptop5!Z1 -> 0 | B26: =Laptop5!Z2 -> 0 | C26: =Laptop5!Z3 -> 0 | D26: =Laptop5!Z4 -> 0 | E26: =Laptop5!Z5 -> 0 | F26: =Laptop5!Z6 -> 0 | G26: =Laptop5!Z7 -> 0 | H26: =Laptop5!Z8 -> 0 | I26: =Laptop5!Z9 -> 0 | J26: =Laptop5!Z10 -> 0 | K26: =Laptop5!Z11 -> 0 | L26: =Laptop5!Z12 -> 0 | M26: =Laptop5!Z13 -> 0 | N26: =Laptop5!Z14 -> 0 | O26: =Laptop5!Z15 -> 0 | P26: =Laptop5!Z16 -> 0 | Q26: =Laptop5!Z17 -> 0 | R26: =Laptop5!Z18 -> 0 | S26: =Laptop5!Z19 -> 0 | T26: =Laptop5!Z20 -> 0 | U26: =Laptop5!Z21 -> 0 | V26: =Laptop5!Z22 -> 0 | W26: =Laptop5!Z23 -> 1 | X26: =Laptop5!Z24 -> 4 | Y26: =Laptop5!Z25 -> 4 | Z26: =Laptop5!Z26 -> 1 | AA26: =Laptop5!Z27 -> 4 | AB26: =Laptop5!Z28 -> 1 | AC26: =Laptop5!Z29 -> 0 | AD26: =Laptop5!Z30 -> 0
A27: =Laptop5!AA1 -> 0 | B27: =Laptop5!AA2 -> 0 | C27: =Laptop5!AA3 -> 0 | D27: =Laptop5!AA4 -> 0 | E27: =Laptop5!AA5 -> 0 | F27: =Laptop5!AA6 -> 0 | G27: =Laptop5!AA7 -> 0 | H27: =Laptop5!AA8 -> 0 | I27: =Laptop5!AA9 -> 0 | J27: =Laptop5!AA10 -> 0 | K27: =Laptop5!AA11 -> 0 | L27: =Laptop5!AA12 -> 0 | M27: =Laptop5!AA13 -> 0 | N27: =Laptop5!AA14 -> 0 | O27: =Laptop5!AA15 -> 0 | P27: =Laptop5!AA16 -> 0 | Q27: =Laptop5!AA17 -> 0 | R27: =Laptop5!AA18 -> 0 | S27: =Laptop5!AA19 -> 0 | T27: =Laptop5!AA20 -> 0 | U27: =Laptop5!AA21 -> 0 | V27: =Laptop5!AA22 -> 0 | W27: =Laptop5!AA23 -> 0 | X27: =Laptop5!AA24 -> 1 | Y27: =Laptop5!AA25 -> 4 | Z27: =Laptop5!AA26 -> 1 | AA27: =Laptop5!AA27 -> 4 | AB27: =Laptop5!AA28 -> 1 | AC27: =Laptop5!AA29 -> 0 | AD27: =Laptop5!AA30 -> 0
A28: =Laptop5!AB1 -> 0 | B28: =Laptop5!AB2 -> 0 | C28: =Laptop5!AB3 -> 0 | D28: =Laptop5!AB4 -> 0 | E28: =Laptop5!AB5 -> 0 | F28: =Laptop5!AB6 -> 0 | G28: =Laptop5!AB7 -> 0 | H28: =Laptop5!AB8 -> 0 | I28: =Laptop5!AB9 -> 0 | J28: =Laptop5!AB10 -> 0 | K28: =Laptop5!AB11 -> 0 | L28: =Laptop5!AB12 -> 0 | M28: =Laptop5!AB13 -> 0 | N28: =Laptop5!AB14 -> 0 | O28: =Laptop5!AB15 -> 0 | P28: =Laptop5!AB16 -> 0 | Q28: =Laptop5!AB17 -> 0 | R28: =Laptop5!AB18 -> 0 | S28: =Laptop5!AB19 -> 0 | T28: =Laptop5!AB20 -> 0 | U28: =Laptop5!AB21 -> 0 | V28: =Laptop5!AB22 -> 0 | W28: =Laptop5!AB23 -> 0 | X28: =Laptop5!AB24 -> 0 | Y28: =Laptop5!AB25 -> 1 | Z28: =Laptop5!AB26 -> 1 | AA28: =Laptop5!AB27 -> 4 | AB28: =Laptop5!AB28 -> 1 | AC28: =Laptop5!AB29 -> 0 | AD28: =Laptop5!AB30 -> 0
A29: =Laptop5!AC1 -> 0 | B29: =Laptop5!AC2 -> 0 | C29: =Laptop5!AC3 -> 0 | D29: =Laptop5!AC4 -> 0 | E29: =Laptop5!AC5 -> 0 | F29: =Laptop5!AC6 -> 0 | G29: =Laptop5!AC7 -> 0 | H29: =Laptop5!AC8 -> 0 | I29: =Laptop5!AC9 -> 0 | J29: =Laptop5!AC10 -> 0 | K29: =Laptop5!AC11 -> 0 | L29: =Laptop5!AC12 -> 0 | M29: =Laptop5!AC13 -> 0 | N29: =Laptop5!AC14 -> 0 | O29: =Laptop5!AC15 -> 0 | P29: =Laptop5!AC16 -> 0 | Q29: =Laptop5!AC17 -> 0 | R29: =Laptop5!AC18 -> 0 | S29: =Laptop5!AC19 -> 0 | T29: =Laptop5!AC20 -> 0 | U29: =Laptop5!AC21 -> 0 | V29: =Laptop5!AC22 -> 0 | W29: =Laptop5!AC23 -> 0 | X29: =Laptop5!AC24 -> 0 | Y29: =Laptop5!AC25 -> 0 | Z29: =Laptop5!AC26 -> 1 | AA29: =Laptop5!AC27 -> 1 | AB29: =Laptop5!AC28 -> 0 | AC29: =Laptop5!AC29 -> 0 | AD29: =Laptop5!AC30 -> 0
A30: =Laptop5!AD1 -> 0 | B30: =Laptop5!AD2 -> 0 | C30: =Laptop5!AD3 -> 0 | D30: =Laptop5!AD4 -> 0 | E30: =Laptop5!AD5 -> 0 | F30: =Laptop5!AD6 -> 0 | G30: =Laptop5!AD7 -> 0 | H30: =Laptop5!AD8 -> 0 | I30: =Laptop5!AD9 -> 0 | J30: =Laptop5!AD10 -> 0 | K30: =Laptop5!AD11 -> 0 | L30: =Laptop5!AD12 -> 0 | M30: =Laptop5!AD13 -> 0 | N30: =Laptop5!AD14 -> 0 | O30: =Laptop5!AD15 -> 0 | P30: =Laptop5!AD16 -> 0 | Q30: =Laptop5!AD17 -> 0 | R30: =Laptop5!AD18 -> 0 | S30: =Laptop5!AD19 -> 0 | T30: =Laptop5!AD20 -> 0 | U30: =Laptop5!AD21 -> 0 | V30: =Laptop5!AD22 -> 0 | W30: =Laptop5!AD23 -> 0 | X30: =Laptop5!AD24 -> 0 | Y30: =Laptop5!AD25 -> 0 | Z30: =Laptop5!AD26 -> 0 | AA30: =Laptop5!AD27 -> 0 | AB30: =Laptop5!AD28 -> 0 | AC30: =Laptop5!AD29 -> 0 | AD30: =Laptop5!AD30 -> 0
